Generation,gvNormUnres1,sd,var,SDSt,zMean,AdditGenicVar1,SDGenic,SDGenicSt,zMeanGenic,SDGenicStNeg,Genic_Genetic_VAR,Genic_Genetic_SD,Genic_Genetic_SDSt,zMeanGenic_Genetic,scenario,Rep,Strategy,Repeats
40,5.53466061539705,1.37491782257428,1.8903990188324,1,0,2.2450557878,1.4983510228915,1,0,0,1.8903990188324,1.37491782257428,1,0,Class,0,SU55,11
41,5.71756500868211,1.34932225861586,1.82067055759621,0.981383931797104,0.133029327485626,2.2494614447,1.49982047082309,1.0009807100667,0.122070456448911,-0.000980710066695201,1.89410870369918,1.37626621832376,1.0009807100667,0.133029327485626,Class,0,SU55,11
42,5.92936618459167,1.34252816989097,1.8023818869508,0.976442481033036,0.287075752975261,2.2281862059,1.49271102558399,0.996235863812055,0.263426635791205,0.00376413618794547,1.87619436465625,1.36974244464288,0.996235863812055,0.287075752975261,Class,0,SU55,11
43,6.15348940159438,1.33933546776053,1.79381949520131,0.974120377065786,0.450084198514994,2.2172640283,1.48904802753303,0.993791177623706,0.413006549695624,0.00620882237629361,1.86699758926619,1.36638120203192,0.993791177623706,0.450084198514994,Class,0,SU55,11
44,6.28741686821735,1.33780815727238,1.78973066566451,0.973009539412019,0.547491814027768,2.216829846,1.48890222848916,0.99369387129052,0.502389788053564,0.00630612870947966,1.8666319957703,1.36624741382017,0.99369387129052,0.547491814027768,Class,0,SU55,11
45,6.45895126977036,1.32196658981688,1.74759566459207,0.961487710837686,0.672251562382649,2.2125510764,1.4874646471093,0.992734428971665,0.616871908019007,0.00726557102833514,1.86302915351685,1.36492825947624,0.992734428971665,0.672251562382649,Class,0,SU55,11
46,6.55953078199567,1.33706259222881,1.78773637553762,0.972467277880946,0.745404670571323,2.1991595804,1.4829563649683,0.989725599884139,0.683998709875635,0.0102744001158609,1.85175314379065,1.36079136673872,0.989725599884139,0.745404670571323,Class,0,SU55,11
47,6.80238262127912,1.36715363618626,1.86910906493732,0.99435298149421,0.922034746417423,2.1960498335,1.48190749829401,0.989025585896581,0.846078112881478,0.0109744141034188,1.8491346509583,1.35982890503118,0.989025585896581,0.922034746417423,Class,0,SU55,11
48,6.9343908936362,1.30988086716947,1.71578788617664,0.952697569020495,1.01804650085808,2.189029262,1.47953684036593,0.987443407961066,0.934180480310931,0.0125565920389343,1.84322313573121,1.35765354038916,0.987443407961066,1.01804650085808,Class,0,SU55,11
49,7.17290898503488,1.28316212831427,1.64650504754001,0.933264597524662,1.19152457167987,2.1802505446,1.47656714869321,0.985461434693555,1.09336753845328,0.0145385653064455,1.8358312130673,1.35492849001979,0.985461434693555,1.19152457167987,Class,0,SU55,11
50,7.40115211750888,1.31857577916275,1.73864208539465,0.959021519332667,1.35752949846644,2.1778060851,1.47573916567258,0.984908838534188,1.24569708539318,0.0150911614658116,1.83377291061198,1.35416871571159,0.984908838534188,1.35752949846644,Class,0,SU55,11
51,7.610794632738,1.34017145644944,1.79605953268182,0.974728405178586,1.51000589508235,2.1724150539,1.47391148102591,0.983689041157777,1.38561257383764,0.0163109588422229,1.82923351335229,1.35249159455883,0.983689041157777,1.51000589508235,Class,0,SU55,11
52,7.94405182216138,1.38738745157221,1.92484394078004,1.00906936312353,1.7523892462556,2.1660796296,1.4717607243027,0.982253625363776,1.60802853934368,0.0177463746362235,1.82389891100268,1.35051801580086,0.982253625363776,1.7523892462556,Class,0,SU55,11
53,8.15472503126323,1.31904158498287,1.73987070291413,0.959360307449655,1.90561528321787,2.1634978857,1.4708833691697,0.98166807823924,1.74863191324154,0.0183319217607599,1.82172501128849,1.34971293662337,0.98166807823924,1.90561528321787,Class,0,SU55,11
54,8.20681774090183,1.34431246430451,1.80717600168446,0.97774022725775,1.94350315461157,2.1546658273,1.46787800150421,0.979662294801601,1.78339860598759,0.0203377051983986,1.81428817402843,1.34695514922674,0.979662294801601,1.94350315461157,Class,0,SU55,11
55,8.53770517151891,1.38055034854727,1.90591926487398,1.00409662736238,2.18416294182529,2.1407806452,1.46314067854052,0.9765006037884,2.00423299363231,0.0234993962115998,1.80259646696227,1.34260808390322,0.9765006037884,2.18416294182529,Class,0,SU55,11
56,8.67018250643486,1.32186641390898,1.74733081622059,0.96141485127746,2.28051585306177,2.135718848,1.46140988363977,0.975345470662514,2.09264841357863,0.0246545293374862,1.79833429382946,1.34101987078099,0.975345470662514,2.28051585306177,Class,0,SU55,11
57,8.83706409190943,1.33631152678149,1.78572849660909,0.971921015817147,2.40189153292758,2.1365001856,1.46167718241751,0.975523865960853,2.20402524245584,0.0244761340391471,1.79899220168211,1.34126514965614,0.975523865960853,2.40189153292758,Class,0,SU55,11
58,9.10588018894441,1.34457187698438,1.80787353237729,0.977928902301167,2.59740583394352,2.1338283242,1.46076292539207,0.974913690500314,2.38343320022278,0.0250863094996865,1.79674242054239,1.34042620854055,0.974913690500314,2.59740583394352,Class,0,SU55,11
59,9.32380176961691,1.31050106672505,1.7174130458875,0.953148650201785,2.75590372894097,2.1219297293,1.4566844988878,0.972191747216022,2.52887413985785,0.0278082527839781,1.78672347480096,1.33668376020694,0.972191747216022,2.75590372894097,Class,0,SU55,11
60,9.68512326147928,1.29307279344428,1.6720372491458,0.940472784783052,3.01869870179678,2.1047813309,1.4507864525491,0.968255389013844,2.77002023068848,0.031744610986156,1.77228404942629,1.33127159115873,0.968255389013844,3.01869870179678,Class,0,SU55,11
40,5.56175956439435,1.34107199821249,1.79847410438964,1,0,2.2375126815,1.4958317691171,1,0,0,1.79847410438964,1.34107199821249,1,0,1_1,0,SU55,1
41,5.73029625353358,1.41011791084556,1.98843252248744,1.05148561205147,0.125673110290772,2.2290805901,1.4930105793664,0.99811396588243,0.112670884934274,0.00188603411757005,1.7916965347454,1.33854269066974,0.99811396588243,0.125673110290772,1_1,0,SU55,1
42,5.91431272270124,1.42309296200354,2.025193578504,1.06116074595575,0.262889060972716,2.2240167062,1.49131375176386,0.996979595268318,0.235690380152159,0.00302040473168241,1.78762627220026,1.33702141800356,0.996979595268317,0.262889060972716,1_1,0,SU55,1
43,6.44510729891013,1.54294706046928,2.3806856314108,1.1505326056512,0.658687777906917,2.2183868911,1.48942502030146,0.995716932246047,0.590539492978653,0.00428306775395293,1.78310112391683,1.33532809598122,0.995716932246047,0.658687777906917,1_1,0,SU55,1
44,6.57700478856152,1.52631880292587,2.32964908816508,1.13813337759665,0.757040058639939,2.2052391744,1.48500477251758,0.992761888854714,0.678716179939407,0.00723811114528572,1.77253321598392,1.3313651700356,0.992761888854714,0.757040058639939,1_1,0,SU55,1
45,6.65671027174847,1.60378218090929,2.57211728380216,1.19589565888108,0.816474215264784,2.1943104555,1.48132051072683,0.990298870040154,0.732001238348081,0.00970112995984584,1.76374890021297,1.32806208447232,0.990298870040154,0.816474215264784,1_1,0,SU55,1
40,5.56175956439435,1.34107199821249,1.79847410438964,1,0,2.2375126815,1.4958317691171,1,0,0,1.79847410438964,1.34107199821249,1,0,1_2,0,SU55,1
40,5.56175956439435,1.34107199821249,1.79847410438964,1,0,2.2375126815,1.4958317691171,1,0,0,1.79847410438964,1.34107199821249,1,0,2_1,0,SU55,1
41,5.77562780567253,1.41379862795216,1.99882656039941,1.05423022017953,0.159475584877804,2.2311212134,1.49369381514419,0.998570725654412,0.142976132539568,0.00142927434558782,1.79333675256057,1.33915523840986,0.998570725654412,0.159475584877804,2_1,0,SU55,1
42,5.9249049323474,1.41444880288851,2.00066541599274,1.0547150375027,0.270787376395211,2.2277385933,1.49256108528261,0.997813468130561,0.242771530495963,0.00218653186943862,1.79061786086215,1.33813970154919,0.997813468130561,0.270787376395211,2_1,0,SU55,1
43,6.42454389163919,1.48713275650965,2.211563835484,1.10891343529046,0.643354218412463,2.2212607518,1.490389463127,0.996361685784151,0.576792353965103,0.00363831421584948,1.78541108358378,1.33619275689692,0.99636168578415,0.643354218412463,2_1,0,SU55,1
44,6.81908442792339,1.49442344481251,2.23330143240529,1.11434989829362,0.9375520965354,2.2009322042,1.4835539101091,0.99179195196847,0.840552319778019,0.0082080480315303,1.76907134761682,1.33006441483742,0.99179195196847,0.9375520965354,2_1,0,SU55,1
45,7.30880511417742,1.56165492534728,2.43876610586143,1.16448253891574,1.30272315886969,2.1921254123,1.48058279481426,0.989805688970061,1.16794253595392,0.0101943110299393,1.7619926001729,1.32740069314917,0.989805688970061,1.30272315886969,2_1,0,SU55,1
46,7.5942916344397,1.48581895937725,2.20765798004489,1.10793377339747,1.5156024976694,2.1810175925,1.47682686612209,0.987294759084955,1.35879723375913,0.0127052409150445,1.75306432618737,1.32403335539078,0.987294759084955,1.5156024976694,2_1,0,SU55,1
40,5.56175956439435,1.34107199821249,1.79847410438964,1,0,2.2375126815,1.4958317691171,1,0,0,1.79847410438964,1.34107199821249,1,0,1_1,0,SU55,2
41,5.7491814838044,1.41521482356787,2.00283299684623,1.05528623776665,0.139755299983789,2.230055908,1.49333717157245,0.998332300733172,0.12529612171606,0.00166769926682753,1.79248047845271,1.33883549342431,0.998332300733172,0.139755299983789,1_1,0,SU55,2
42,5.8756230180323,1.41575663387154,2.00436684635126,1.05569025060444,0.234039226869473,2.227514381,1.49248597346843,0.997763254051858,0.209825369482027,0.00223674594814194,1.79043764288226,1.33807236085432,0.997763254051858,0.234039226869473,1_1,0,SU55,2
43,6.45245268525442,1.52987728599201,2.34052451019427,1.14078683920861,0.664165027714597,2.2217337243,1.49054812881034,0.996467757661088,0.595450062800706,0.00353224233891158,1.78579125072222,1.33633500692088,0.996467757661088,0.664165027714597,1_1,0,SU55,2
44,6.7304649432186,1.52645246601311,2.3300571309975,1.13823304643428,0.871471017500932,2.2042110452,1.48465856182491,0.99253043856744,0.781308034067269,0.00746956143256039,1.77170682346447,1.33105477853636,0.99253043856744,0.871471017500932,1_1,0,SU55,2
45,6.8194663019101,1.60695629310142,2.58230852793827,1.19826250584855,0.937836849320651,2.1984455379,1.48271559575665,0.991231518389135,0.840807611846685,0.0087684816108653,1.76707260813088,1.32931283305732,0.991231518389135,0.937836849320651,1_1,0,SU55,2
40,5.56175956439435,1.34107199821249,1.79847410438964,1,0,2.2375126815,1.4958317691171,1,0,0,1.79847410438964,1.34107199821249,1,0,1_2,0,SU55,2
40,5.56175956439435,1.34107199821249,1.79847410438964,1,0,2.2375126815,1.4958317691171,1,0,0,1.79847410438964,1.34107199821249,1,0,2_1,0,SU55,2
41,5.74939330783241,1.41535110457814,2.00321874923055,1.0553878587165,0.139913251255825,2.2287654701,1.49290504389931,0.99804341285015,0.1254377312422,0.00195658714985047,1.79144324672408,1.33844807397376,0.99804341285015,0.139913251255825,2_1,0,SU55,2
42,5.9391248364698,1.40319721637584,1.96896242804491,1.04632504313427,0.281390762448578,2.2266857745,1.49220835492233,0.99757765928657,0.252277883025701,0.00242234071343006,1.78977162326803,1.33782346491158,0.99757765928657,0.281390762448578,2_1,0,SU55,2
43,6.41581732317672,1.43819680413037,2.0684100474108,1.07242325993484,0.6368470596066,2.2177959486,1.48922662768297,0.995584301944578,0.570958430229403,0.00441569805542241,1.78262613452695,1.3351502291978,0.995584301944578,0.6368470596066,2_1,0,SU55,2
44,6.80978326074715,1.43226786495809,2.05139123699162,1.06800221529281,0.930616475488479,2.1914499918,1.4803546844591,0.989653191637227,0.834334262795764,0.0103468083627735,1.76144970882356,1.32719618324631,0.989653191637227,0.930616475488479,2_1,0,SU55,2
45,7.21703250031543,1.49555726531752,2.23669153384401,1.1151953566333,1.23429087933189,2.1915538935,1.4803897775586,0.989676652229671,1.10659030654101,0.0103233477703293,1.76153322321809,1.32722764558989,0.989676652229671,1.23429087933189,2_1,0,SU55,2
46,7.84048822567122,1.39033738434138,1.93303804229724,1.03673582491809,1.6991844317935,2.1653883275,1.47152585009574,0.983750900653952,1.52338565627728,0.0162490993460483,1.74050179252866,1.31928078608333,0.983750900653952,1.6991844317935,2_1,0,SU55,2
47,8.08401876248339,1.36777438339609,1.87080676387456,1.01991122416932,1.88077836346665,2.1576177138,1.46888315185382,0.981984192460899,1.68619175642845,0.0180158075391008,1.73425590725158,1.31691150319662,0.981984192460899,1.88077836346665,2_1,0,SU55,2
40,5.56175956439435,1.34107199821249,1.79847410438964,1,0,2.2375126815,1.4958317691171,1,0,0,1.79847410438964,1.34107199821249,1,0,1_1,0,SU55,5
41,5.74660754494008,1.40934103787893,1.98624216104966,1.05090631953947,0.137835985534044,2.2293346454,1.49309565848944,0.998170843350063,0.123575380843016,0.00182915664993688,1.79190074001401,1.33861896744892,0.998170843350063,0.137835985534044,1_1,0,SU55,5
42,5.95086070823639,1.39633774830962,1.94975910735438,1.04121012903915,0.290141874828994,2.2269271389,1.49228922762982,0.997631724662878,0.260123599374881,0.00236827533712225,1.78996562781008,1.33789597047382,0.997631724662878,0.290141874828994,1_1,0,SU55,5
43,6.43993010876355,1.45187704731149,2.10794696050992,1.08262423587003,0.6548272915546,2.2289616552,1.49297074827339,0.998087337825828,0.587078415166654,0.00191266217417152,1.79160093692398,1.33850698052867,0.998087337825828,0.6548272915546,1_1,0,SU55,5
44,6.80304100520579,1.5122085861763,2.28677480810531,1.12761178235912,0.925588963505265,2.2160477136,1.4886395512682,0.995191827050749,0.829826900617365,0.00480817294925051,1.78122093338468,1.33462389210769,0.99519182705075,0.925588963505265,1_1,0,SU55,5
45,7.1937073440986,1.51904557473499,2.30749945812197,1.1327099341122,1.21689796064601,2.2096107701,1.48647595678504,0.993745411399047,1.09099687103683,0.00625458860095252,1.77604702921337,1.33268414457942,0.993745411399048,1.21689796064601,1_1,0,SU55,5
46,7.8701694490348,1.46242424193615,2.13868466340251,1.09048898484601,1.72131689254367,2.1889470001,1.47950904022247,0.989087857851641,1.54322827760435,0.0109121421483589,1.75943784726265,1.32643802993681,0.989087857851641,1.72131689254367,1_1,0,SU55,5
47,8.14445655834611,1.43017826569853,2.04540987167646,1.06644405938295,1.92584514283664,2.1843937424,1.47796946599042,0.988058614948907,1.72659589619237,0.0119413850510928,1.75577801725062,1.3250577411006,0.988058614948907,1.92584514283664,1_1,0,SU55,5
40,5.56175956439435,1.34107199821249,1.79847410438964,1,0,2.2375126815,1.4958317691171,1,0,0,1.79847410438964,1.34107199821249,1,0,1_2,0,SU55,5
41,5.76779988086997,1.40853350347214,1.98396663040349,1.05030416364637,0.153638519594954,2.2301028775,1.49335289784431,0.998342814129255,0.137742973995817,0.0016571858707447,1.79251823172676,1.3388495926454,0.998342814129255,0.153638519594954,1_2,0,SU55,5
42,5.95438896066294,1.41158716308597,1.9925783189891,1.05258119248442,0.292772794295848,2.2263883104,1.49210867915176,0.99751102360425,0.262482322126594,0.00248897639575019,1.78953252675463,1.33773410166394,0.99751102360425,0.292772794295848,1_2,0,SU55,5
43,6.44601020557519,1.47524525755418,2.1763485699361,1.10004925874265,0.659361050234027,2.2185188814,1.48946932878794,0.995746553549323,0.591143108093467,0.00425344645067705,1.78320721544361,1.33536782028159,0.995746553549323,0.659361050234027,1_2,0,SU55,5
44,6.60032427895942,1.43873856069602,2.06996864603366,1.07282723270168,0.774428752482616,2.2043837096,1.48471671021781,0.99256931218552,0.694305827705525,0.00743068781448042,1.77184560813135,1.33110691085703,0.99256931218552,0.774428752482616,1_2,0,SU55,5
45,6.70974881346913,1.45464017688416,2.11597804420557,1.08468462455635,0.856023577112139,2.1936618026,1.48110155040092,0.990152489724911,0.767458796354063,0.00984751027508923,1.76322752419886,1.32786577793046,0.990152489724911,0.856023577112139,1_2,0,SU55,5
40,5.56175956439435,1.34107199821249,1.79847410438964,1,0,2.2375126815,1.4958317691171,1,0,0,1.79847410438964,1.34107199821249,1,0,2_1,0,SU55,5
41,5.72931242888843,1.42375504787292,2.02707843634363,1.06165444492961,0.1249394996819,2.2304898764,1.49348246605041,0.99842943363338,0.112013174177314,0.00157056636662001,1.79282929476825,1.33896575563688,0.99842943363338,0.1249394996819,2_1,0,SU55,5
42,5.93815360472554,1.41803086703851,2.01081153987398,1.05738608287146,0.28066654201481,2.2280279284,1.49265800785043,0.997878263229728,0.251628590929951,0.00212173677027228,1.79085042342555,1.3382265964423,0.997878263229728,0.28066654201481,2_1,0,SU55,5
43,6.38153015826785,1.43042630857365,2.04611942425963,1.06662901803949,0.61128007665969,2.2225071263,1.49080754166995,0.996641181481178,0.548036624705033,0.00335881851882169,1.78641289791143,1.33656758074982,0.996641181481178,0.61128007665969,2_1,0,SU55,5
44,6.74090398169191,1.42480498241221,2.03006923790665,1.06243735184339,0.879255117450244,2.2101856046,1.48666929900365,0.993874665385091,0.788286785748329,0.00612533461490916,1.77650907127065,1.33285748348076,0.993874665385091,0.879255117450244,2_1,0,SU55,5
45,7.11401657915703,1.50478669412307,2.26438299480984,1.12207748437727,1.1574747790064,2.1997038108,1.48313984869937,0.99151514182292,1.03772165213397,0.00848485817707978,1.76808398618724,1.32969319250241,0.99151514182292,1.1574747790064,2_1,0,SU55,5
46,7.67525351666088,1.40960667348734,1.98699097394006,1.05110439660675,1.57597351602568,2.1821956776,1.47722566915147,0.987561368631302,1.41292222554813,0.0124386313686979,1.75401125067305,1.32439089798784,0.987561368631302,1.57597351602568,2_1,0,SU55,5
47,8.1924438369705,1.3763351323668,1.89429839658712,1.02629473600322,1.96162791862225,2.1633812734,1.47084372840897,0.983294885678968,1.75867656168907,0.0167051143210316,1.7388885570575,1.31866923716962,0.983294885678968,1.96162791862225,2_1,0,SU55,5
48,8.68156645000627,1.41647564066736,2.00640324060399,1.05622639392618,2.32635301443196,2.1423781107,1.46368647964651,0.978510090416409,2.08566695133996,0.0214899095835913,1.72200657710782,1.31225248222582,0.978510090416409,2.32635301443196,2_1,0,SU55,5
49,9.24906098333531,1.38587788043657,1.92065749948337,1.03341049718718,2.74951786619641,2.113413686,1.45375846893492,0.971872973250851,2.4650508800982,0.0281270267491488,1.69872547206552,1.30335163024623,0.971872973250851,2.74951786619641,2_1,0,SU55,5
50,9.66213878953427,1.37625284035702,1.89407188059078,1.02623337314583,3.05753846967597,2.0879911134,1.4449882744853,0.966009884479313,2.741203462713,0.033990115520687,1.67829124665705,1.29548880607169,0.966009884479313,3.05753846967597,2_1,0,SU55,5
51,10.1330604042394,1.35659356905656,1.8403461116056,1.01157400263726,3.40869158847411,2.0631184406,1.43635595887649,0.960238971073787,3.05602604131295,0.0397610289262126,1.65829902122405,1.28774959569943,0.960238971073787,3.40869158847411,2_1,0,SU55,5
52,10.6218749576567,1.31174178632284,1.72066651398544,0.978129278719752,3.77318697281503,2.0294560378,1.42458977877844,0.952372992866227,3.38281048559964,0.0476270071337725,1.63124176240809,1.27720075258672,0.952372992866228,3.77318697281503,2_1,0,SU55,5
53,10.956271902928,1.32110121339373,1.7453084160304,0.985108342545832,4.02253745192202,2.0237449631,1.42258390371183,0.951032016489059,3.60636299476224,0.0489679835109414,1.62665129905961,1.27540240671704,0.951032016489059,4.02253745192202,2_1,0,SU55,5
54,11.2842359012567,1.3172369495841,1.73511318134962,0.982226868758603,4.26709106184444,2.0120554683,1.41846941042096,0.948281377429362,3.82561492208446,0.0517186225706382,1.61725548474087,1.27171360169689,0.948281377429362,4.26709106184444,2_1,0,SU55,5
40,5.56175956439435,1.34107199821249,1.79847410438964,1,0,2.2375126815,1.4958317691171,1,0,0,1.79847410438964,1.34107199821249,1,0,1_1,0,SU55,8
41,5.75652956633089,1.42632316157751,2.03439776125247,1.06356941572015,0.145234560259365,2.2301109646,1.49335560554076,0.998344624290332,0.130208494001635,0.00165537570966767,1.79252473199827,1.33885202020174,0.998344624290332,0.145234560259365,1_1,0,SU55,8
42,5.90946151436447,1.42680782600739,2.03578057235594,1.06393081647307,0.259271650167602,2.2267642518,1.49223465038177,0.997595238442184,0.232447229126135,0.00240476155781644,1.78983470196832,1.33784703982493,0.997595238442184,0.259271650167602,1_1,0,SU55,8
43,6.43145066584914,1.51235978471953,2.28723211843691,1.1277245268974,0.648504407380065,2.216437989,1.48877063008376,0.995279456434123,0.581409700883754,0.00472054356587748,1.78153463002036,1.33474140941995,0.995279456434123,0.648504407380065,1_1,0,SU55,8
44,6.77690494722487,1.50828740995498,2.2749309110287,1.12468787057322,0.906100033741799,2.201176543,1.48363625697136,0.991847002853178,0.812354308765448,0.00815299714682249,1.7692677429303,1.33013824203738,0.991847002853178,0.906100033741799,1_1,0,SU55,8
45,7.21558823878797,1.55425592738017,2.41571148779638,1.15896531241561,1.23321393377686,2.1849302479,1.47815095572137,0.988179945258037,1.10562478250464,0.0118200547419635,1.75620925111874,1.32522045378071,0.988179945258037,1.23321393377686,1_1,0,SU55,8
46,7.85825182622703,1.48011278518391,2.19073385686488,1.10367883838955,1.71243025347905,2.1616122835,1.47024225333786,0.982892784932398,1.53526105625377,0.0171072150676023,1.73746667348456,1.31812999111793,0.982892784932398,1.71243025347905,1_1,0,SU55,8
47,8.32754996735683,1.3280449041928,1.76370326755246,0.9902860591847,2.06237279329446,2.1366050768,1.46171306240315,0.977190812885269,1.84899830319485,0.0228091871147308,1.71736631202295,1.31048323607094,0.977190812885269,2.06237279329446,1_1,0,SU55,8
48,8.75110335570249,1.38510629932693,1.91851946043514,1.03283515066539,2.37820474632175,2.1262162319,1.45815507813812,0.974812213674793,2.13215406782717,0.0251877863252069,1.70901593766233,1.3072933632748,0.974812213674793,2.37820474632175,1_1,0,SU55,8
49,9.14665144329071,1.38277719482896,1.91207277053904,1.03109840237665,2.67315392736157,2.111724064,1.45317723076024,0.971484401362836,2.39658760624685,0.0285155986371639,1.69736738304178,1.30283052736792,0.971484401362836,2.67315392736157,1_1,0,SU55,8
50,9.66211027709399,1.42514341215237,2.0310337452013,1.06268970946522,3.05751720874418,2.0845394804,1.44379343411722,0.965211104567865,2.74118440145166,0.0347888954321353,1.67551688357984,1.29441758469971,0.965211104567865,3.05751720874418,1_1,0,SU55,8
51,10.1032459234391,1.45343657427329,2.11247787543528,1.08378713164585,3.38645976136856,2.0677505967,1.43796752282519,0.96131634085692,3.03609433414113,0.0386836591430805,1.66202226840929,1.28919442614731,0.96131634085692,3.38645976136856,1_1,0,SU55,8
52,10.6636457753037,1.43652903742182,2.06361567535607,1.07117965279759,3.80433430696461,2.0465689693,1.4305834366789,0.956379899273888,3.41073529540069,0.0436201007261122,1.64499684161162,1.28257430256949,0.956379899273888,3.80433430696461,1_1,0,SU55,8
53,11.1568290745756,1.42321560404941,2.02554265560972,1.0612521967101,4.17208734328873,2.0164141717,1.42000499002644,0.949307949826861,3.74044035278358,0.0506920501731386,1.62075893536192,1.27309030919331,0.949307949826862,4.17208734328873,1_1,0,SU55,8
54,11.6769230581976,1.30259876359138,1.6967635389098,0.971311581576241,4.55990692666325,1.9758741757,1.40565791560394,0.939716580851608,4.08813585862845,0.0602834191483921,1.58817358574541,1.26022759283608,0.939716580851608,4.55990692666325,1_1,0,SU55,8
55,12.0881068257194,1.32054925229219,1.74385032772945,0.984696760541074,4.86651519830705,1.9569707668,1.39891771266219,0.935210590886086,4.36302223021857,0.0647894091139136,1.57297935168702,1.25418473586909,0.935210590886086,4.86651519830705,1_1,0,SU55,8
56,12.5665784060607,1.32316560479591,1.75076721771492,0.986647701659232,5.22329811598712,1.9311853204,1.38967093961124,0.929028897702502,4.68289214488398,0.0709711022974983,1.55225345457637,1.24589464023904,0.929028897702502,5.22329811598712,1_1,0,SU55,8
57,12.9457259621714,1.29358513915009,1.67336251222996,0.964590373130081,5.50601787795067,1.9040114788,1.37985922426891,0.922469526826106,4.93636152823208,0.0775304731738938,1.53041158934877,1.23709805163082,0.922469526826106,5.50601787795067,1_1,0,SU55,8
58,13.3722908299869,1.32041233199722,1.74348872649034,0.984594662894455,5.82409540725867,1.882517986,1.37204882784834,0.917248086432992,5.22153054029776,0.0827519135670084,1.51313549052113,1.23009572412928,0.917248086432992,5.82409540725867,1_1,0,SU55,8
59,13.8748468539383,1.31934608353367,1.74067408813564,0.983799591142177,6.19883742306483,1.8547612257,1.3618961875635,0.910460798922158,5.55750149259808,0.0895392010778424,1.4908250852957,1.22099348290468,0.910460798922158,6.19883742306483,1_1,0,SU55,8
60,14.2107965406832,1.26676577574544,1.60469553059994,0.944591921562678,6.44934573819832,1.8435936948,1.35779000394023,0.907715715077803,5.78209204728539,0.0922842849221965,1.48184881655779,1.21731212782827,0.907715715077804,6.44934573819832,1_1,0,SU55,8
40,5.56175956439435,1.34107199821249,1.79847410438964,1,0,2.2375126815,1.4958317691171,1,0,0,1.79847410438964,1.34107199821249,1,0,1_2,0,SU55,8
41,5.71068782348616,1.4219990787807,2.02208138005316,1.06034506773393,0.111051650687145,2.2282599811,1.4927357371953,0.997930227191505,0.0995621714731388,0.00206977280849463,1.79103694338374,1.33829628385636,0.997930227191505,0.111051650687145,1_2,0,SU55,8
42,5.925567205857,1.4138278322076,1.99890913912484,1.0542519969786,0.271281215287149,2.2270766414,1.49233931845274,0.997665211599016,0.243214276480693,0.00233478840098433,1.79008579534121,1.33794087886618,0.997665211599016,0.271281215287149,1_2,0,SU55,8
43,6.36822889581147,1.48482031715581,2.20469137423867,1.10718911373507,0.601361696084965,2.2193936387,1.48976294714965,0.995942844581354,0.539144406521816,0.00405715541864571,1.78391033027495,1.33563106068815,0.995942844581354,0.601361696084965,1_2,0,SU55,8
44,6.74622418453315,1.511697973763,2.28523076387916,1.12723103291839,0.883222244381781,2.1968436975,1.48217532616759,0.990870334999254,0.791843471032784,0.00912966500074641,1.76578507644331,1.32882846012693,0.990870334999254,0.883222244381781,1_2,0,SU55,8
45,7.13624676213484,1.53863652775546,2.36740236454337,1.14731836158409,1.17405120667579,2.1806097279,1.47668877150874,0.987202439469742,1.05258307133683,0.0127975605302585,1.75273649165608,1.32390954813993,0.987202439469742,1.17405120667579,1_2,0,SU55,8
46,7.71473905624961,1.44621145240414,2.0915275650649,1.07839955970432,1.60541678204075,2.1634879457,1.47087999024394,0.98331912759956,1.43931927126138,0.01668087240044,1.73897429841253,1.31870174733051,0.98331912759956,1.60541678204075,1_2,0,SU55,8
47,8.29469891307827,1.34056447060096,1.79711309983763,0.999621550809944,2.03787667800584,2.1435728476,1.46409454872286,0.978782894541026,1.82703657263344,0.0212171054589736,1.72296688602315,1.31261833219834,0.978782894541027,2.03787667800584,1_2,0,SU55,8
48,8.74916360388383,1.35202558196372,1.82797317428433,1.00816778201754,2.37675832747083,2.144412684,1.46438133148439,0.978974615807716,2.13085729645307,0.0210253841922837,1.72364193203733,1.31287544422056,0.978974615807716,2.37675832747083,1_2,0,SU55,8
49,9.2221272559287,1.33594573742191,1.78475101333578,0.996177490248539,2.72943413658121,2.1359103856,1.46147541395673,0.977031939105927,2.44704502679124,0.0229680608940731,1.71680793121731,1.31027017489421,0.977031939105927,2.72943413658121,1_2,0,SU55,8
50,9.73772665400046,1.34558312292227,1.81059394069324,1.00336381992599,3.11390223281989,2.1355668063,1.46135786387182,0.976953354008764,2.79173579263591,0.0230466459912355,1.71653176810147,1.31016478662093,0.976953354008764,3.11390223281989,1_2,0,SU55,8
51,9.86944264140539,1.42888453051948,2.04171100155789,1.06547935712925,3.21211917238801,2.1364869573,1.46167265736895,0.977163801134992,2.87979114092061,0.0228361988650082,1.71727136960599,1.31044701136902,0.977163801134992,3.21211917238801,1_2,0,SU55,8
40,5.56175956439435,1.34107199821249,1.79847410438964,1,0,2.2375126815,1.4958317691171,1,0,0,1.79847410438964,1.34107199821249,1,0,2_1,0,SU55,8
41,5.77158821936425,1.42567771442963,2.0325569454213,1.06308812377703,0.15646337799132,2.2295616835,1.49317168587541,0.998221669510825,0.140275570623657,0.00177833048917464,1.7920832293232,1.33868712898989,0.998221669510825,0.15646337799132,2_1,0,SU55,8
42,5.89200985338008,1.40571742569872,1.97604148091304,1.04820429296294,0.246258433123589,2.2262107674,1.49204918397484,0.997471249628232,0.220780368356968,0.00252875037176825,1.7893898207532,1.33768076189844,0.997471249628232,0.246258433123589,2_1,0,SU55,8
43,6.30823422817175,1.46743476842522,2.15336479958319,1.09422519475551,0.556625345076453,2.2230059531,1.49097483315447,0.996753019916472,0.499036508776648,0.00324698008352842,1.78681384629031,1.33671756414372,0.996753019916472,0.556625345076453,2_1,0,SU55,8
44,6.74451220160924,1.51708048980544,2.30153321254833,1.13124462506678,0.881945666445478,2.208435998,1.48608075083422,0.993481206587398,0.79069896871691,0.00651879341260242,1.77510276765996,1.33232982690472,0.993481206587398,0.881945666445478,2_1,0,SU55,8
45,7.14566370640736,1.57677967157807,2.48623413270184,1.17576064050234,1.18107315947554,2.1982484524,1.48264913327463,0.991187086599814,1.05887852813013,0.0088129134001862,1.76691419420499,1.32925324682883,0.991187086599814,1.18107315947554,2_1,0,SU55,8
46,7.75902091866846,1.51107369913773,2.28334372422577,1.12676552873509,1.63843653226883,2.1837779574,1.47776113002068,0.987919337274748,1.46892277570159,0.0120806627252524,1.75528305988768,1.32487095971181,0.987919337274748,1.63843653226883,2_1,0,SU55,8
47,8.42478325556574,1.37990560064393,1.9041394666885,1.02895713465288,2.13487694544924,2.1600762442,1.4697197842446,0.982543501607863,1.91400112651789,0.017456498392137,1.73623203158634,1.31766157703196,0.982543501607863,2.13487694544924,2_1,0,SU55,8
48,8.88546749527125,1.3918294085115,1.93718910239747,1.03784838574414,2.47839633912799,2.1390182157,1.46253827837086,0.977742489875119,2.22197977038466,0.0222575101248806,1.71930595145286,1.31122307463408,0.977742489875119,2.47839633912799,2_1,0,SU55,8
49,9.30874666033948,1.37719607780343,1.89666903671715,1.02693671901217,2.79402381150264,2.117744586,1.45524725940302,0.972868265969483,2.50495221007155,0.0271317340305167,1.70220657479316,1.30468638944122,0.972868265969483,2.79402381150264,2_1,0,SU55,8
50,9.79751737155764,1.3889136367913,1.92908109046484,1.03567417606406,3.15848650393798,2.0925518333,1.44656553024742,0.967064318403425,2.83170734477942,0.0329356815965748,1.68195707465675,1.29690287788128,0.967064318403425,3.15848650393798,2_1,0,SU55,8
51,10.2264731076405,1.36057814211985,1.8511728808143,1.01454518768072,3.4783468370555,2.0579050922,1.43454002809263,0.959024977079708,3.11847471056148,0.0409750229202918,1.65410862169153,1.28612154234797,0.959024977079708,3.4783468370555,2_1,0,SU55,8
52,10.5720916939814,1.34020133215003,1.79613961069672,0.999350768591381,3.73606498104896,2.0331235824,1.42587642606223,0.953233147938714,3.34952916031749,0.0467668520612863,1.63418967150569,1.27835428246855,0.953233147938714,3.73606498104896,2_1,0,SU55,8
53,11.0148570325705,1.31920778181032,1.74030917158891,0.983696463402926,4.06622274974388,2.0147287002,1.41941139216226,0.948911115185132,3.64552858199739,0.0510888848148682,1.61940418243851,1.27255812536737,0.948911115185132,4.06622274974388,2_1,0,SU55,8
54,11.4259810227024,1.28552205194261,1.65256694603075,0.958577953798215,4.37278644705464,1.9884565732,1.4101264387281,0.942703897484684,3.92037499094524,0.0572961025153162,1.59828709985507,1.26423379952249,0.942703897484684,4.37278644705464,2_1,0,SU55,8
55,11.809861689829,1.31681942981512,1.73401341073862,0.981915535907321,4.65903555794373,1.9778837891,1.40637256411664,0.940194340802596,4.17700857438168,0.0598056591974037,1.58978887833777,1.26086830332821,0.940194340802596,4.65903555794373,2_1,0,SU55,8
56,12.14163890541,1.26302743899107,1.59523831164435,0.94180434806972,4.90643257765869,1.9618678403,1.40066692696729,0.93637998328784,4.39880973038786,0.0636200167121597,1.57691553490951,1.255752975274,0.93637998328784,4.90643257765869,2_1,0,SU55,8
57,12.5322084326073,1.245793525908,1.55200150919429,0.928953499564911,5.19766938501725,1.9498062269,1.39635462075363,0.933497101467371,4.65991497982905,0.0665028985326288,1.56722061807779,1.25188682319042,0.933497101467371,5.19766938501725,2_1,0,SU55,8
40,5.56175956439435,1.34107199821249,1.79847410438964,1,0,2.2375126815,1.4958317691171,1,0,0,1.79847410438964,1.34107199821249,1,0,1_1,0,SU55,9
41,5.76154389319494,1.41635796868725,2.00606989546388,1.05613864921131,0.148973604002531,2.2299484035,1.49330117642089,0.998308237096936,0.133560693739317,0.00169176290306416,1.79239406818968,1.33880322235558,0.998308237096936,0.148973604002531,1_1,0,SU55,9
40,5.56175956439435,1.34107199821249,1.79847410438964,1,0,2.2375126815,1.4958317691171,1,0,0,1.79847410438964,1.34107199821249,1,0,1_2,0,SU55,9
41,5.76157552910007,1.41707394857376,2.00809857572642,1.05667253545117,0.148997194014975,2.2282000103,1.49271564951266,0.997916798086002,0.13358184311305,0.00208320191399758,1.79098873988898,1.33827827445901,0.997916798086003,0.148997194014975,1_2,0,SU55,9
42,5.90786435526615,1.41978821255577,2.01579856851231,1.05869648642892,0.258080693156754,2.226414932,1.49211759992301,0.997516987357284,0.23137948933661,0.00248301264271578,1.78955392473758,1.33774209948614,0.997516987357284,0.258080693156754,1_2,0,SU55,9
43,6.32784571527694,1.4476913208073,2.0958101603408,1.07950305631385,0.571249084242833,2.2163940814,1.48875588374992,0.995269598150492,0.512147265955426,0.0047304018495079,1.78149933784872,1.33472818875182,0.995269598150492,0.571249084242833,1_2,0,SU55,9
44,6.73556575726281,1.4900088001768,2.22012622460432,1.111058020869,0.875274552323083,2.1997625625,1.48315965509449,0.991528382880854,0.784718052593098,0.00847161711914568,1.76813120979044,1.32971094971443,0.991528382880854,0.875274552323083,1_2,0,SU55,9
45,7.16878551791383,1.58548602313706,2.51376592956298,1.18225272412693,1.19831444968016,2.1832428294,1.47758005854167,0.987798286577235,1.07433602273871,0.0122017134227648,1.7548529332303,1.32470862201101,0.987798286577235,1.19831444968016,1_2,0,SU55,9
46,7.77225895319469,1.4828846124535,2.19894677385137,1.10574571270598,1.64830776553884,2.1655012206,1.47156420879281,0.983776544377969,1.47777272447226,0.016223455622031,1.74059253405544,1.31931517616354,0.983776544377969,1.64830776553884,1_2,0,SU55,9
47,8.30646250010446,1.3679857618563,1.87138504464155,1.02006884319386,2.04664845688263,2.158543681,1.46919831234589,0.98219488493219,1.83490081730924,0.0178051150678104,1.73500018371735,1.3171940569701,0.98219488493219,2.04664845688263,1_2,0,SU55,9
48,8.81854975097749,1.38693210249276,1.923580656925,1.03419660118278,2.42849764287383,2.1475328494,1.46544629700307,0.979686571216514,2.17724362713958,0.0203134287834857,1.72614986717429,1.31383022768328,0.979686571216514,2.42849764287383,1_2,0,SU55,9
49,9.33480585559358,1.37951129462887,1.90305141200862,1.02866311165069,2.81345542687365,2.1299963545,1.45945070300439,0.975678370479998,2.52237341731699,0.0243216295200019,1.71205433501477,1.30845494191232,0.975678370479998,2.81345542687365,1_2,0,SU55,9
50,9.85858818812932,1.39601631429065,1.94886154976564,1.04097044465278,3.20402530920203,2.114201367,1.45402935561838,0.972054067601869,2.87253467431777,0.0279459323981307,1.69935859646867,1.30359449080942,0.972054067601869,3.20402530920203,1_2,0,SU55,9
51,10.3064559064774,1.37412522007829,1.88822012045521,1.024646866022,3.53798778022895,2.0978861412,1.44840814040794,0.968296148211139,3.17194516124197,0.0317038517888607,1.68624469934926,1.29855485034297,0.968296148211139,3.53798778022895,1_2,0,SU55,9
52,10.8383060954344,1.33260069009802,1.77582459924971,0.993683181718978,3.93457363815897,2.0708344089,1.43903940491565,0.96203292016256,3.52749997692218,0.03796707983744,1.66450098347105,1.2901554105886,0.96203292016256,3.93457363815897,1_2,0,SU55,9
53,11.2357972344793,1.31758288236806,1.73602465190932,0.982484821191002,4.2309716984978,2.0634637438,1.43647615497091,0.960319325092801,3.79323249260442,0.039680674907199,1.65857656998098,1.28785735622427,0.960319325092801,4.2309716984978,1_2,0,SU55,9
54,11.6960703513284,1.32531009418909,1.75644684575948,0.988246787611393,4.5741845293246,2.0383849721,1.42772020091473,0.954465756371404,4.10093629082013,0.0455342436285957,1.63841868580661,1.2800072991224,0.954465756371404,4.5741845293246,1_2,0,SU55,9
55,12.1041815271546,1.32907201162363,1.76643241208129,0.991051944560134,4.8785016550048,2.0257138079,1.42327573150813,0.951494520234853,4.37376855996435,0.0485054797651467,1.6282338225544,1.27602265753959,0.951494520234853,4.8785016550048,1_2,0,SU55,9
56,12.4995009977518,1.32990061237987,1.76863563880835,0.991669809042682,5.1732803627283,2.0057484138,1.41624447529373,0.946793954061858,4.63804926235282,0.053206045938142,1.61218598310765,1.26971885986924,0.946793954061858,5.1732803627283,1_2,0,SU55,9
57,12.9402575314658,1.29601103431172,1.67964460105773,0.966399295518188,5.50194022163332,1.9839884681,1.40854125537735,0.941644163774329,4.93270574900715,0.0583558362256706,1.59469571403434,1.26281262031797,0.941644163774329,5.50194022163332,1_2,0,SU55,9
58,13.4074551017585,1.28204271070413,1.6436335120696,0.95598350604066,5.85031642433934,1.959856919,1.39994889871024,0.935899963895364,5.24503871314015,0.0641000361046357,1.57529919104969,1.25510923470815,0.935899963895364,5.85031642433934,1_2,0,SU55,9
59,13.7449476556375,1.25474043290199,1.57437355395907,0.935624958670694,6.10197521247965,1.9471871549,1.39541648080421,0.932869932043118,5.47066071211552,0.0671300679568824,1.56511545317371,1.25104574383741,0.932869932043118,6.10197521247965,1_2,0,SU55,9
60,14.1767058308791,1.25918825685779,1.58555506620855,0.938941576989269,6.42392524634592,1.915518425,1.38402255220065,0.925252813033616,5.75930157678738,0.0747471869663839,1.53966067425113,1.24083063882672,0.925252813033616,6.42392524634592,1_2,0,SU55,9
40,5.56175956439435,1.34107199821249,1.79847410438964,1,0,2.2375126815,1.4958317691171,1,0,0,1.79847410438964,1.34107199821249,1,0,2_1,0,SU55,9
41,5.73871221297866,1.43193230013828,2.05043011217931,1.06775199396222,0.131948656612147,2.2302575673,1.49340468972747,0.998377438265624,0.118297158970457,0.00162256173437558,1.79264256872016,1.33889602610515,0.998377438265624,0.131948656612147,2_1,0,SU55,9
42,5.97148524611579,1.40747185057333,1.98097701015632,1.0495125186786,0.305521017713856,2.2261779127,1.49203817400896,0.997463889197661,0.273911605690305,0.00253611080233895,1.78936341271197,1.33767089103111,0.997463889197661,0.305521017713856,2_1,0,SU55,9
43,6.36949460658771,1.42813320801223,2.03956445982731,1.06491911688245,0.602305501322809,2.2168804203,1.48891921214685,0.995378787165129,0.539990565028655,0.00462121283487071,1.78189024866896,1.33487461908187,0.995378787165129,0.602305501322809,2_1,0,SU55,9
44,6.71816114062164,1.41769319795125,2.00985400351723,1.0571342924473,0.862296414934212,2.1989100477,1.48287222905414,0.991336231566596,0.773082642114122,0.00866376843340444,1.767445973097,1.32945326096746,0.991336231566596,0.862296414934212,2_1,0,SU55,9
45,7.08479896458736,1.49220239595802,2.22666799050285,1.11269372408563,1.13568801840845,2.1800896363,1.47651266039272,0.987084704895804,1.01818896458655,0.0129152951041955,1.7523184509977,1.3237516575996,0.987084704895804,1.13568801840845,2_1,0,SU55,9
46,7.68117020322012,1.37886045249047,1.90125614744223,1.02817779681356,1.58038542423577,2.1620968843,1.47040704714715,0.983002953610913,1.41687767473793,0.0169970463890866,1.73785618724999,1.31827773524777,0.983002953610913,1.58038542423577,2_1,0,SU55,9
47,8.1171834462405,1.34708678806807,1.81464281458754,1.00448506110305,1.90550834351344,2.1430252233,1.46390751869782,0.978657860410246,1.7083631559413,0.0213421395897535,1.72252671505535,1.31245065242673,0.978657860410246,1.90550834351344,2_1,0,SU55,9
48,8.44085099654323,1.37050120230544,1.87827354552065,1.02194453700635,2.14685821192777,2.1328363979,1.46042336255621,0.976328617099911,1.92474280302806,0.0236713829000886,1.71433711291921,1.30932696944622,0.976328617099911,2.14685821192777,2_1,0,SU55,9
49,8.84590459453305,1.33639546570169,1.78595284074804,0.996512840088353,2.44889538706059,2.1146720353,1.45419119626685,0.972162262020391,2.19553100685723,0.0278377379796089,1.69973691153088,1.30373958731446,0.972162262020391,2.44889538706059,2_1,0,SU55,9
50,9.21648996159837,1.36255511464747,1.85655644045199,1.01601936097661,2.72523056336676,2.1030492629,1.45018938863171,0.969486956068371,2.44327635811692,0.0305130439316291,1.69039472752654,1.30015180941556,0.969486956068371,2.72523056336676,2_1,0,SU55,9
51,9.64880854066302,1.36366487414937,1.8595818889888,1.01684687769709,3.04759847473982,2.082885879,1.44322066192249,0.964828192393813,2.73229186640487,0.0351718076061869,1.67418774729316,1.29390407190532,0.964828192393813,3.04759847473982,2_1,0,SU55,9
52,10.0968604853968,1.35203991595244,1.82801193432868,1.0081784704733,3.38169831824635,2.0586470626,1.43479861395249,0.959197848030309,3.03182551315864,0.0408021519696909,1.65470500470274,1.28635337473913,0.959197848030309,3.38169831824635,2_1,0,SU55,9
53,10.4680354909622,1.33519833656374,1.78275459796259,0.995620174266126,3.65847317154295,2.0456512441,1.43026264864185,0.956165444651604,3.27996505212867,0.0438345553483958,1.6442591899233,1.28228670348066,0.956165444651604,3.65847317154295,2_1,0,SU55,9
54,10.81869350669,1.29977227869723,1.68940797646979,0.969203950593025,3.91994907753095,2.0213990597,1.42175914264688,0.950480643612791,3.51438848327074,0.0495193563872092,1.62476570236504,1.2746629759921,0.950480643612791,3.91994907753095,2_1,0,SU55,9
55,11.2659858782907,1.33200891539582,1.77424775069396,0.993241911822222,4.25348252852903,2.0059090698,1.41630119317891,0.946831871350656,3.81341433686971,0.0531681286493439,1.61231511562971,1.2697697096835,0.946831871350656,4.25348252852903,2_1,0,SU55,9
56,11.5807412690723,1.31554013045788,1.73064583484513,0.980961598043472,4.48818684805933,1.9856122347,1.40911753757449,0.942029422470555,4.0238359880741,0.0579705775294453,1.59600086962332,1.26332927996755,0.942029422470555,4.48818684805933,2_1,0,SU55,9
40,5.56175956439435,1.34107199821249,1.79847410438964,1,0,2.2375126815,1.4958317691171,1,0,0,1.79847410438964,1.34107199821249,1,0,1_1,0,SU55,10
41,5.75852567101057,1.40020705890422,1.9605798078052,1.04409536607322,0.146722999867631,2.229347269,1.49309988580805,0.9981736694156,0.131542938636979,0.0018263305844004,1.79191088664597,1.33862275740627,0.9981736694156,0.146722999867631,1_1,0,SU55,10
42,5.96075481455625,1.40240366325821,1.96673603472003,1.04573331269869,0.297519634064179,2.2265925573,1.49217711994924,0.997556777945676,0.266738050628113,0.0024432220543239,1.78969669689033,1.33779546153002,0.997556777945676,0.297519634064179,1_1,0,SU55,10
43,6.32496477345979,1.4242730719759,2.02855378355568,1.0620407210607,0.569100846250397,2.2222213352,1.49071168748353,0.99657710062102,0.510221286124918,0.00342289937898044,1.78618318395412,1.33648164370264,0.99657710062102,0.569100846250397,1_1,0,SU55,10
44,6.63332151032357,1.36412793650287,1.86084502714758,1.01719217038392,0.799033867948546,2.2044415845,1.4847362003063,0.992582341784766,0.716365281211864,0.00741765821523355,1.77189212697784,1.33112438448773,0.992582341784766,0.799033867948546,1_1,0,SU55,10
45,7.03938043379294,1.47933233118262,2.1884241460822,1.10309687559983,1.10182068626301,2.1891542291,1.47957907159435,0.989134675530829,0.98782556962989,0.0108653244691713,1.7596044143589,1.32650081581539,0.989134675530829,1.10182068626301,1_1,0,SU55,10
46,7.56912791252166,1.39150724186577,1.93629240416487,1.03760815505842,1.4968386117993,2.1720669506,1.47379338802968,0.985266805036217,1.34197467226688,0.0147331949637834,1.74586995459435,1.32131372300236,0.985266805036217,1.4968386117993,1_1,0,SU55,10
47,8.04029879632218,1.3791205727811,1.90197355426807,1.02837176126213,1.84817760361223,2.1484997547,1.4657761611856,0.979907093463297,1.65696389333324,0.0200929065367026,1.72692704897881,1.31412596389342,0.979907093463298,1.84817760361223,1_1,0,SU55,10
48,8.46330747614463,1.37021585501151,1.87749148932493,1.02173176148474,2.16360338268023,2.1300786809,1.4594789073159,0.975697225749749,1.93975550704,0.0243027742502513,1.71212050755526,1.3084802281866,0.975697225749749,2.16360338268023,1_1,0,SU55,10
49,8.86226380882884,1.33705554957058,1.78771754263749,0.997005046226257,2.46109399706631,2.1025076364,1.45000263323899,0.969362105535996,2.20646754038562,0.0306378944640039,1.68995937748694,1.29998437586263,0.969362105535996,2.46109399706631,1_1,0,SU55,10
50,9.20455702153875,1.32352537765793,1.75171942530457,0.986915974251982,2.71633250265449,2.0824345545,1.44306429326624,0.964723656135472,2.43529889681011,0.0352763438645278,1.67382498044377,1.29376388125646,0.964723656135472,2.71633250265449,1_1,0,SU55,10
51,9.58347683984133,1.32459832326395,1.75456071799368,0.987716039876685,2.99888244688392,2.058431612,1.43472353155582,0.959147653617925,2.68861603188222,0.0408523463820749,1.65453182922621,1.28628606041821,0.959147653617925,2.99888244688392,1_1,0,SU55,10
52,9.98896965185571,1.30658114552321,1.70715428983674,0.974281132754054,3.30124713166956,2.0403996629,1.42842558885649,0.954937325404981,2.95969786099306,0.0450626745950192,1.64003805952552,1.28063970714855,0.954937325404981,3.30124713166956,1_1,0,SU55,10
53,10.3585691103109,1.31130477227728,1.71952020579717,0.977803409529923,3.5768471434123,2.007424433,1.41683606426432,0.947189445709251,3.20678410831442,0.0528105542907485,1.61353313843534,1.27024924264309,0.947189445709251,3.5768471434123,1_1,0,SU55,10
54,10.7869583300779,1.24828628630547,1.55821865257831,0.930812281495182,3.89628504110754,1.9865676134,1.40945649574579,0.9422560242705,3.49317274412994,0.0577439757295,1.59676878654555,1.2636331692962,0.9422560242705,3.89628504110754,1_1,0,SU55,10
55,11.1659397528266,1.24546236321091,1.5511764981749,0.928706560774498,4.17888092205488,1.9577776897,1.39920609264683,0.93540337993536,3.74653106327592,0.06459662006464,1.57362794239753,1.25444327986463,0.93540337993536,4.17888092205488,1_1,0,SU55,10
56,11.4982826827864,1.22079666646887,1.49034450086151,0.910314038393216,4.42669977921007,1.9303604706,1.38937412909554,0.928830472637712,3.96871041313424,0.0711695273622878,1.55159045453281,1.24562853794091,0.928830472637712,4.42669977921007,1_1,0,SU55,10
57,11.805996297249,1.24305698880331,1.54519067741275,0.926912940140555,4.6561532424639,1.9120516004,1.38276953987279,0.924415143749054,4.17442446521925,0.0755848562509465,1.53687410042783,1.23970726400543,0.924415143749054,4.6561532424639,1_1,0,SU55,10
58,12.1552288704696,1.29687328758085,1.68188032404076,0.96704225374137,4.91656623571563,1.8872767947,1.37378193127585,0.918406708320353,4.40789495329876,0.0815932916796469,1.51696053888195,1.23164951949893,0.918406708320353,4.91656623571563,1_1,0,SU55,10
59,12.4853553260914,1.23553019905429,1.52653487277513,0.921300422871494,5.16273232975226,1.8611355117,1.36423440496859,0.912023954253768,4.62859253603343,0.0879760457462321,1.49594862644912,1.22308978674876,0.912023954253768,5.16273232975226,1_1,0,SU55,10
60,12.8208231129713,1.26707962656832,1.60549078006451,0.944825951371144,5.4128813055917,1.8445976839,1.35815966804349,0.907962844541754,4.85286092891414,0.0920371554582458,1.48265580568119,1.21764354623231,0.907962844541754,5.4128813055917,1_1,0,SU55,10
40,5.56175956439435,1.34107199821249,1.79847410438964,1,0,2.2375126815,1.4958317691171,1,0,0,1.79847410438964,1.34107199821249,1,0,1_2,0,SU55,10
41,5.73942016426557,1.41322780130375,1.99721281837782,1.05380457066245,0.132476556149124,2.2289518175,1.49296745359703,0.998085135254372,0.118770441662753,0.00191486474562774,1.79159302955038,1.33850402672177,0.998085135254372,0.132476556149124,1_2,0,SU55,10
42,5.97967353482378,1.40032129750679,1.9608997362511,1.04418055061419,0.311626796314044,2.2258975152,1.4919442064635,0.997401069602969,0.279385676289053,0.00259893039703107,1.78913803403731,1.33758664543173,0.997401069602969,0.311626796314044,1_2,0,SU55,10
43,6.40367000653742,1.41509314797726,2.0024886174522,1.05519550767105,0.627789144255674,2.2161107583,1.48866072639134,0.995205983136732,0.562837652953443,0.00479401686326819,1.78127160762724,1.3346428764382,0.995205983136732,0.627789144255674,1_2,0,SU55,10
44,6.79443269609576,1.46068028066221,2.13358688231545,1.08918856154565,0.919169987401449,2.2046961786,1.48482193498076,0.992639657504504,0.824072036141459,0.00736034249549578,1.77209676532459,1.33120124899453,0.992639657504504,0.919169987401449,1_2,0,SU55,10
45,7.16881702725282,1.50803779202412,2.27417798217297,1.12450173744152,1.19833794531577,2.198140998,1.48261289553275,0.991162860786039,1.0743570874999,0.00883713921396145,1.76682782421147,1.32922075826834,0.991162860786039,1.19833794531577,1_2,0,SU55,10
46,7.81729792950059,1.44822685163823,2.09736101380599,1.07990238672388,1.68189207448417,2.1805729159,1.4766763070829,0.987194106697235,1.50788237800133,0.0128058933027647,1.75270690280535,1.32389837329206,0.987194106697235,1.68189207448417,1_2,0,SU55,10
47,8.32060714891759,1.39652598819385,1.9502848357008,1.04135049427269,2.05719572714999,2.1681333592,1.47245827078393,0.98437424661266,1.84435685983031,0.0156257533873403,1.74270820166725,1.32011673789376,0.98437424661266,2.05719572714999,1_2,0,SU55,10
48,8.76305591541743,1.40765684519802,1.98149779383284,1.04965046401258,2.38711743686399,2.1589335249,1.46933097867703,0.98228357560843,2.1401446453518,0.0177164243915702,1.73531353352077,1.31731299755251,0.98228357560843,2.38711743686399,1_2,0,SU55,10
49,9.21310820550127,1.41074915262284,1.99021317162606,1.05195631144578,2.72270888212847,2.1363474059,1.46162491970409,0.977131887342386,2.44101557173243,0.0228681126576141,1.71715920059743,1.3104042126754,0.977131887342386,2.72270888212847,1_2,0,SU55,10
50,9.66593534253446,1.38540398634068,1.91934420536865,1.03305712757203,3.06036945340037,2.1118651463,1.453225772652,0.971516852800733,2.74374155093828,0.0284831471992675,1.69748078256136,1.30287404708259,0.971516852800733,3.06036945340037,1_2,0,SU55,10
51,10.119815722075,1.3613242945468,1.85320383492335,1.01510157274278,3.39881539824561,2.0935093897,1.44689646820358,0.967285558494052,3.04717164843408,0.0327144415059479,1.68272674197669,1.2971995767717,0.967285558494052,3.39881539824561,1_2,0,SU55,10
52,10.5597190570165,1.32577222923939,1.75767200382237,0.988591388834083,3.7268390506132,2.0646424904,1.43688638743639,0.96059357549579,3.34125775091151,0.0394064245042102,1.65952402616894,1.28822514576022,0.96059357549579,3.7268390506132,1_2,0,SU55,10
53,10.9959532136244,1.32291940296558,1.75011574674282,0.986464115818462,4.05212669899402,2.0460956075,1.43041798349294,0.956269289785993,3.63289091823311,0.043730710214007,1.64461636156056,1.28242596728254,0.956269289785993,4.05212669899402,1_2,0,SU55,10
54,11.3572000453044,1.29872897397461,1.68669694784115,0.96842598734869,4.32149838982153,2.0217545359,1.42188414995737,0.950564214047027,3.87439323095184,0.0494357859529728,1.62505142800392,1.27477504996133,0.950564214047027,4.32149838982153,1_2,0,SU55,10
55,11.786761799654,1.26604032426402,1.60285810266254,0.944050972618559,4.64181061386479,2.0091098366,1.41743071668424,0.947586985347198,4.16156573471751,0.0524130146528022,1.6148878367819,1.27078237191972,0.947586985347198,4.64181061386479,1_2,0,SU55,10
56,12.0975607161819,1.24979494220749,1.56198739756743,0.931937244140016,4.87356470085059,1.9940444462,1.41210638628965,0.944027540692711,4.36934238644045,0.0559724593072891,1.60277853580187,1.2660089003644,0.944027540692711,4.87356470085059,1_2,0,SU55,10
57,12.4870240694216,1.24261808643863,1.54409970874441,0.926585662883808,5.16397666512899,1.9740554087,1.40501082155975,0.939283982709527,4.62970813162684,0.0607160172904735,1.58671169219796,1.25964744758125,0.939283982709526,5.16397666512899,1_2,0,SU55,10
58,12.7631957031402,1.23337362142411,1.52121049002481,0.919692323058019,5.369910152732,1.9476272472,1.39557416399129,0.932975347097365,4.81433560071826,0.0670246529026348,1.56546919177445,1.25118711301486,0.932975347097365,5.369910152732,1_2,0,SU55,10
59,13.1267233179163,1.20562965686227,1.45354286950583,0.899004422185568,5.6409825599261,1.9277247827,1.38842528884344,0.928196149800285,5.05736267253305,0.0718038501997148,1.54947193405487,1.24477786534581,0.928196149800285,5.6409825599261,1_2,0,SU55,10
60,13.447069431376,1.19925503831555,1.43821264692523,0.89425104685955,5.87985572548823,1.9037897445,1.37977887521878,0.922415811527508,5.27152185812705,0.0775841884724924,1.53023336314254,1.23702601554799,0.922415811527508,5.87985572548823,1_2,0,SU55,10
40,5.56175956439435,1.34107199821249,1.79847410438964,1,0,2.2375126815,1.4958317691171,1,0,0,1.79847410438964,1.34107199821249,1,0,2_1,0,SU55,10
41,5.7493536133309,1.39334790788098,1.9414183923963,1.03898068838822,0.139883652172735,2.2290117632,1.49298752948576,0.998098556475359,0.125411194500352,0.00190144352464117,1.7916412128702,1.33852202554541,0.998098556475359,0.139883652172735,2_1,0,SU55,10
42,5.87485695636957,1.40883563840894,1.98481785605112,1.05052945724523,0.233467996045362,2.2269376191,1.49229273907635,0.99763407215048,0.209313238586998,0.00236592784951983,1.7899740516141,1.33789911862371,0.99763407215048,0.233467996045362,2_1,0,SU55,10
43,6.26412482909765,1.45169181392025,2.10740912260307,1.08248611249449,0.523734195956278,2.227735728,1.49256012542209,0.997812826440406,0.469548300286376,0.00218717355959441,1.79061555778343,1.33813884099649,0.997812826440406,0.523734195956278,2_1,0,SU55,10
44,6.58726251048156,1.417277123131,2.0086744437505,1.056824037054,0.764688955890585,2.2110262427,1.48695199744309,0.994063656182906,0.685573717084844,0.00593634381709374,1.77718476167747,1.33311093374763,0.994063656182906,0.764688955890585,2_1,0,SU55,10
45,6.90646511339015,1.46261544900279,2.13924395166163,1.09063156262475,1.00270943751577,2.2046323367,1.48480043665807,0.992625285351747,0.898968438001217,0.00737471464825346,1.77204545030642,1.33118197490291,0.992625285351747,1.00270943751577,2_1,0,SU55,10
46,7.41859570180882,1.41702981335158,2.00797349192721,1.05663962504648,1.3845909391065,2.1879160049,1.47916057441375,0.988854899964321,1.24134022003721,0.0111451000356794,1.75860915110183,1.32612561663736,0.988854899964321,1.3845909391065,2_1,0,SU55,10
47,7.85862056971324,1.34860631226334,1.81873898547652,1.00561812793115,1.71270521521616,2.1771451794,1.47551522506547,0.986417895066084,1.53550757026279,0.0135821049339162,1.74995174732271,1.32285741760883,0.986417895066084,1.71270521521616,2_1,0,SU55,10
48,8.20612125430348,1.35358411321162,1.83218995153888,1.00932993531727,1.97182678740127,2.1631208312,1.47075519077785,0.983235696114377,1.76782024857644,0.0167643038856234,1.73867921810883,1.31858985970196,0.983235696114377,1.97182678740127,2_1,0,SU55,10
49,8.54232937370405,1.33424467569124,1.78020885461043,0.994909055941554,2.22252780856098,2.1555958582,1.46819476167163,0.981523986843928,1.9925835717936,0.0184760131560715,1.73263077458999,1.31629433433028,0.981523986843928,2.22252780856098,2_1,0,SU55,10
50,8.88861333395771,1.33008703111284,1.76913151033458,0.991808816294509,2.48074210333055,2.142995769,1.46389745849906,0.978651134922149,2.22408284022942,0.0213488650778514,1.72250304019699,1.31244163306297,0.978651134922149,2.48074210333055,2_1,0,SU55,10
51,9.16168933478347,1.31581780656962,1.73137650008569,0.981168653378392,2.68436726379154,2.1325046169,1.46030976744662,0.976252676000157,2.40664080327291,0.0237473239998435,1.71407043307344,1.30922512696382,0.976252676000157,2.68436726379154,2_1,0,SU55,10
52,9.52471210312987,1.30642736500018,1.7067524600213,0.974166462905427,2.95506322107815,2.1160488098,1.45466450076985,0.972478677617905,2.64933037294335,0.027521322382095,1.7008435391296,1.30416392341209,0.972478677617905,2.95506322107815,2_1,0,SU55,10
53,9.7961004356415,1.28783105437172,1.65850882460417,0.960299712534645,3.15742993432947,2.1170758048,1.45501745858941,0.972714638523971,2.8307600885803,0.0272853614760286,1.70166901999865,1.30448036397588,0.972714638523971,3.15742993432947,2_1,0,SU55,10
54,10.116972979685,1.27445011093861,1.62422308527144,0.95032191607708,3.39669564450105,2.0957232376,1.44766129933766,0.967796866750681,3.04527120585182,0.0322031332493192,1.68450619473784,1.29788527795712,0.967796866750681,3.39669564450105,2_1,0,SU55,10
55,10.4931214650717,1.31284716668697,1.723567683078,0.978953530039293,3.67717908303977,2.0831979993,1.44332879112834,0.964900479403677,3.29673563731569,0.0350995205963235,1.67443862420735,1.29400101399008,0.964900479403677,3.67717908303977,2_1,0,SU55,10
56,10.8156254167577,1.31275694769443,1.72333080372001,0.978886256251866,3.91766128840673,2.0774585509,1.44133915193476,0.963570357103386,3.51233739036333,0.0364296428966144,1.66982535456816,1.29221722421896,0.963570357103386,3.91766128840673,2_1,0,SU55,10
57,11.1286320448186,1.2929760924393,1.67178717561959,0.964136223978054,4.15106160433172,2.0640949361,1.43669583980048,0.9604661897564,3.72158995106119,0.0395338102436005,1.65908391146593,1.28805431231215,0.9604661897564,4.15106160433172,2_1,0,SU55,10
58,11.4432766424361,1.27196068940557,1.61788399539309,0.948465623844924,4.38568330848843,2.0315139864,1.42531189092072,0.952855742435524,3.93193753433466,0.0471442575644756,1.6328959060006,1.27784815451626,0.952855742435525,4.38568330848843,2_1,0,SU55,10
59,11.7686885173542,1.24131953719781,1.54087419342898,0.925617370918458,4.62833387113666,2.017159871,1.42026753500881,0.949483467547361,4.14948330494637,0.0505165324526391,1.62135831559865,1.27332569109346,0.949483467547361,4.62833387113666,2_1,0,SU55,10
60,11.9778446991253,1.23227120954073,1.51849233386298,0.918870285251813,4.7842958046122,1.9951695379,1.41250470367358,0.944293825573245,4.28930931084446,0.0557061744267545,1.60368286510657,1.26636600756123,0.944293825573245,4.7842958046122,2_1,0,SU55,10
