Group,Generation,cat,gvNormUnres1,gvNormUnres3,scenario,rep,strategy
home,35,gpb,4.383417472600001,3.167294564925,10_10,0,ClassGen
home,36,gpb,4.50675586015,2.332314171083333,10_10,0,ClassGen
home,37,gpb,4.701121891250001,3.3372280384875004,10_10,0,ClassGen
home,38,gpb,4.9886650855,4.241773106116667,10_10,0,ClassGen
home,39,gpb,5.552973570166667,4.677315411716667,10_10,0,ClassGen
home,40,gpb,6.0843751956,4.580487052383334,10_10,0,ClassGen
home,41,gpb,6.8761256863,5.7778733052,10_10,0,ClassGen
home,42,gpb,6.58505248455,6.413663292216666,10_10,0,ClassGen
home,43,gpb,7.998618717149999,7.074354592333333,10_10,0,ClassGen
home,44,gpb,7.873807223933333,6.698702176033334,10_10,0,ClassGen
home,45,gpb,8.976276225216667,7.2628639109833335,10_10,0,ClassGen
home,46,gpb,9.049855303183334,7.785110876416668,10_10,0,ClassGen
home,47,gpb,8.612028889716667,7.808479034433333,10_10,0,ClassGen
home,48,gpb,9.994775535450001,9.595986125883334,10_10,0,ClassGen
import,25,gpb,4.24944091252,5.70386329878,10_10,0,ClassGen
import,26,gpb,4.0155309074000005,5.1145617588,10_10,0,ClassGen
import,27,gpb,3.95504363184,5.16188692488,10_10,0,ClassGen
import,28,gpb,3.9977249586199997,5.672963742159999,10_10,0,ClassGen
import,29,gpb,3.90178688828,4.964165292020001,10_10,0,ClassGen
import,30,gpb,3.5612782745200007,5.191921972259999,10_10,0,ClassGen
import,31,gpb,6.57096746868,7.828992604979999,10_10,0,ClassGen
import,32,gpb,5.5693744595600005,7.342479730940001,10_10,0,ClassGen
import,33,gpb,6.5587262297999995,8.836690030220002,10_10,0,ClassGen
import,34,gpb,6.760899888260001,8.43990565762,10_10,0,ClassGen
import,35,gpb,6.8914931731200015,9.015180342189998,10_10,0,ClassGen
import,36,gpb,7.5310437236875,9.612382769037502,10_10,0,ClassGen
import,37,gpb,8.122069599488889,10.084716116855555,10_10,0,ClassGen
import,38,gpb,7.745849532129999,9.699298085970002,10_10,0,ClassGen
import,39,gpb,8.28635781585,10.734684989000002,10_10,0,ClassGen
import,40,gpb,7.53941555175,10.047161537633334,10_10,0,ClassGen
import,41,gpb,8.169697700366667,10.401026173683332,10_10,0,ClassGen
import,42,gpb,8.189202339866666,11.487250729116667,10_10,0,ClassGen
import,43,gpb,9.055486144066668,11.63230037425,10_10,0,ClassGen
import,44,gpb,9.149922068,12.469521846166666,10_10,0,ClassGen
import,45,gpb,9.380064186833335,12.642422197466667,10_10,0,ClassGen
import,46,gpb,9.784733468816667,12.619302754033333,10_10,0,ClassGen
import,47,gpb,10.06417612075,13.554071831416666,10_10,0,ClassGen
import,48,gpb,10.253887211550001,13.656543473666666,10_10,0,ClassGen
home,35,gpb,5.2282574654,4.69906569396,50_50,0,ClassGen
home,36,gpb,5.8237478822,4.94138543726,50_50,0,ClassGen
home,37,gpb,4.7992352012625,5.272918650787499,50_50,0,ClassGen
home,38,gpb,5.550784998516668,5.799359014833333,50_50,0,ClassGen
home,39,gpb,6.03157081575,5.404899743900001,50_50,0,ClassGen
home,40,gpb,6.828829935533334,7.297900027849999,50_50,0,ClassGen
home,41,gpb,9.112418338333333,9.594633705916667,50_50,0,ClassGen
home,42,gpb,8.1816610147,9.248705173566668,50_50,0,ClassGen
home,43,gpb,9.225486217316666,9.926694376299999,50_50,0,ClassGen
home,44,gpb,8.847885028266667,9.579372984733334,50_50,0,ClassGen
home,45,gpb,9.794034870433332,10.8999434524,50_50,0,ClassGen
home,46,gpb,10.403601510733333,10.944168885183332,50_50,0,ClassGen
home,47,gpb,10.480064782516665,12.401667562950001,50_50,0,ClassGen
home,48,gpb,10.7710155368,11.525936508866666,50_50,0,ClassGen
import,25,gpb,4.1013547634,5.89899468508,50_50,0,ClassGen
import,26,gpb,4.355906920840001,5.58210026988,50_50,0,ClassGen
import,27,gpb,3.4754469121600002,4.871723004400001,50_50,0,ClassGen
import,28,gpb,4.25326747208,6.044162855680001,50_50,0,ClassGen
import,29,gpb,5.1540786256799995,5.448131611040001,50_50,0,ClassGen
import,30,gpb,4.10271366568,5.805641169439999,50_50,0,ClassGen
import,31,gpb,5.482248071319999,7.44259611854,50_50,0,ClassGen
import,32,gpb,5.877712428080001,7.667176540039999,50_50,0,ClassGen
import,33,gpb,6.75954148064,8.6446973992,50_50,0,ClassGen
import,34,gpb,6.27134806498,8.695958382579999,50_50,0,ClassGen
import,35,gpb,6.7673088279249995,9.1901999095125,50_50,0,ClassGen
import,36,gpb,6.5678717211,9.152460180580002,50_50,0,ClassGen
import,37,gpb,8.271039951850002,10.339153249012499,50_50,0,ClassGen
import,38,gpb,7.378077351050001,10.143476691750001,50_50,0,ClassGen
import,39,gpb,8.958858587233335,11.542431186083334,50_50,0,ClassGen
import,40,gpb,8.054674627933334,10.852810633983333,50_50,0,ClassGen
import,41,gpb,8.713942559166666,11.537448800716668,50_50,0,ClassGen
import,42,gpb,8.644357968816665,11.940759019283334,50_50,0,ClassGen
import,43,gpb,9.130645831649998,12.314740044799999,50_50,0,ClassGen
import,44,gpb,9.228473742883333,13.231047307033334,50_50,0,ClassGen
import,45,gpb,9.913687848033334,13.219240618383333,50_50,0,ClassGen
import,46,gpb,9.704366715883333,13.711219529266666,50_50,0,ClassGen
import,47,gpb,9.958342657483334,13.571460539983335,50_50,0,ClassGen
import,48,gpb,10.728539437683333,14.661153663866665,50_50,0,ClassGen
home,35,gpb,7.572223549733333,7.647049600433334,100_100,0,ClassGen
home,36,gpb,5.315641873042857,6.002030631014287,100_100,0,ClassGen
home,37,gpb,6.025390729725,5.916130927287501,100_100,0,ClassGen
home,38,gpb,7.092389166933334,7.472607403783333,100_100,0,ClassGen
import,25,gpb,4.04086614468,5.70348650766,100_100,0,ClassGen
import,26,gpb,4.12806990204,5.6728158534799995,100_100,0,ClassGen
import,27,gpb,4.031303461439999,5.01481699634,100_100,0,ClassGen
import,28,gpb,3.78038969228,5.65988402462,100_100,0,ClassGen
import,29,gpb,3.9146487942,5.497239906220001,100_100,0,ClassGen
import,30,gpb,3.5776381260999996,4.508792634680001,100_100,0,ClassGen
import,31,gpb,6.2541316955,8.35483415814,100_100,0,ClassGen
import,32,gpb,6.472708781500001,7.824031368359999,100_100,0,ClassGen
import,33,gpb,6.128667051800001,7.47290639852,100_100,0,ClassGen
import,34,gpb,6.064233479019999,8.075219006020001,100_100,0,ClassGen
import,35,gpb,6.59768325731111,9.22725812758889,100_100,0,ClassGen
import,36,gpb,6.912706231425,9.0463352463875,100_100,0,ClassGen
import,37,gpb,6.9619904892374995,9.612879396350001,100_100,0,ClassGen
import,38,gpb,6.834344746810001,9.87773785199,100_100,0,ClassGen
import,39,gpb,7.547363334666667,9.939291422066667,100_100,0,ClassGen
import,40,gpb,8.143433785383332,10.935880606349999,100_100,0,ClassGen
import,41,gpb,8.1276043864,11.029404393983333,100_100,0,ClassGen
import,42,gpb,8.104486987183334,11.34290281165,100_100,0,ClassGen
import,43,gpb,8.93466363285,11.596144281866666,100_100,0,ClassGen
import,44,gpb,9.246125808516666,12.582294181216666,100_100,0,ClassGen
import,45,gpb,9.58108557435,13.236666289950001,100_100,0,ClassGen
import,46,gpb,9.575297623016667,13.255134106033333,100_100,0,ClassGen
import,47,gpb,10.539397523116667,13.480291123116666,100_100,0,ClassGen
import,48,gpb,9.069622569649999,13.351979032066666,100_100,0,ClassGen
home,35,gpb,5.22038875296,4.711110007379999,0_100,0,ClassGen
home,36,gpb,6.126382101119999,5.29692396212,0_100,0,ClassGen
home,37,gpb,5.25891497985,5.902549637575,0_100,0,ClassGen
home,38,gpb,5.63478089445,6.1286912927,0_100,0,ClassGen
home,39,gpb,6.798206012166666,7.3332818911999995,0_100,0,ClassGen
home,40,gpb,6.772764953833334,7.0053074699,0_100,0,ClassGen
home,41,gpb,7.965306706033334,7.601954571266666,0_100,0,ClassGen
home,42,gpb,9.082477248183332,8.896193832183332,0_100,0,ClassGen
home,43,gpb,8.977821937733333,9.893487517566665,0_100,0,ClassGen
home,44,gpb,7.82055859765,8.188138944816666,0_100,0,ClassGen
home,45,gpb,8.7523431339,9.4846567362,0_100,0,ClassGen
home,46,gpb,9.78004737155,10.09483774935,0_100,0,ClassGen
home,47,gpb,9.772316994533332,9.922243066583334,0_100,0,ClassGen
home,48,gpb,10.2185697537,10.740773599983333,0_100,0,ClassGen
import,25,gpb,4.37577015808,6.1714633543,0_100,0,ClassGen
import,26,gpb,4.31534528154,5.63770852656,0_100,0,ClassGen
import,27,gpb,4.28391326404,5.5657097252,0_100,0,ClassGen
import,28,gpb,4.30588798064,5.6821521495,0_100,0,ClassGen
import,29,gpb,4.23579291972,5.02737642436,0_100,0,ClassGen
import,30,gpb,4.394627258839999,5.18793004594,0_100,0,ClassGen
import,31,gpb,5.728046192120001,7.375827999499999,0_100,0,ClassGen
import,32,gpb,5.44601401066,7.943660157319999,0_100,0,ClassGen
import,33,gpb,5.8300168039799996,8.30963262406,0_100,0,ClassGen
import,34,gpb,6.654215841599999,9.07409621632,0_100,0,ClassGen
import,35,gpb,6.77144428485,8.9798263622,0_100,0,ClassGen
import,36,gpb,7.467883002766667,9.451030736966667,0_100,0,ClassGen
import,37,gpb,7.094932293477778,9.300709682122223,0_100,0,ClassGen
import,38,gpb,6.717437448229999,9.38487418918,0_100,0,ClassGen
import,39,gpb,8.055960793216668,10.401950998466667,0_100,0,ClassGen
import,40,gpb,8.154300033316666,10.404542346083332,0_100,0,ClassGen
import,41,gpb,7.582187032166668,10.284268338733334,0_100,0,ClassGen
import,42,gpb,7.867293550483335,10.706116507399999,0_100,0,ClassGen
import,43,gpb,8.979717303216667,11.945685384616667,0_100,0,ClassGen
import,44,gpb,8.357672788766667,11.580225421283332,0_100,0,ClassGen
import,45,gpb,10.389842501316666,12.673852459966668,0_100,0,ClassGen
import,46,gpb,9.38117667915,12.985014227983333,0_100,0,ClassGen
import,47,gpb,9.67524515485,13.252143652883333,0_100,0,ClassGen
import,48,gpb,9.926883138166666,13.633593357399997,0_100,0,ClassGen
home,25,gpb,3.77445492735,2.8280457870499998,10_10,0,GenGen
home,26,gpb,3.816105727325,3.26789311575,10_10,0,GenGen
home,27,gpb,2.9612311284875004,1.523890895,10_10,0,GenGen
home,28,gpb,3.170532657066666,2.2967547457666666,10_10,0,GenGen
home,29,gpb,2.928227316433333,2.4677528430833333,10_10,0,GenGen
home,30,gpb,3.438308426766667,2.081147328383333,10_10,0,GenGen
home,31,gpb,5.063293129900001,3.927225226466667,10_10,0,GenGen
home,32,gpb,5.196523259299999,3.8258936741666667,10_10,0,GenGen
home,33,gpb,5.338654950666666,4.227180813433333,10_10,0,GenGen
home,34,gpb,5.822807815783334,4.0733430795166665,10_10,0,GenGen
home,35,gpb,5.5694898844833345,4.03123283285,10_10,0,GenGen
home,36,gpb,7.212581977616668,5.2195538869666676,10_10,0,GenGen
home,37,gpb,7.896944843816667,5.7714713746,10_10,0,GenGen
home,38,gpb,6.9560006601166675,5.928268184833333,10_10,0,GenGen
home,39,gpb,7.9464657666999985,6.353108339866665,10_10,0,GenGen
home,40,gpb,7.94422576205,7.114302404966666,10_10,0,GenGen
home,41,gpb,8.469663954233335,6.6816216609333345,10_10,0,GenGen
home,42,gpb,8.608427929883334,6.67446841885,10_10,0,GenGen
home,43,gpb,8.466257593283332,5.846556358416667,10_10,0,GenGen
home,44,gpb,9.189213694366666,7.953734258100002,10_10,0,GenGen
home,45,gpb,8.735389825533332,6.787096225383333,10_10,0,GenGen
home,46,gpb,10.27796107165,7.742896211950001,10_10,0,GenGen
home,47,gpb,10.46648958125,8.221807271916667,10_10,0,GenGen
home,48,gpb,10.288102900933334,8.76504872945,10_10,0,GenGen
import,25,gpb,4.289720048833334,5.909436766616667,10_10,0,GenGen
import,26,gpb,4.225316818716667,5.438264509166667,10_10,0,GenGen
import,27,gpb,3.4173788326833336,5.298801436,10_10,0,GenGen
import,28,gpb,4.1103157000333335,5.964796807433333,10_10,0,GenGen
import,29,gpb,4.130081937083333,5.6816326069,10_10,0,GenGen
import,30,gpb,3.758160741883333,5.574357751683333,10_10,0,GenGen
import,31,gpb,5.250711132983333,7.448310636633334,10_10,0,GenGen
import,32,gpb,5.959308220683333,7.5188612762166676,10_10,0,GenGen
import,33,gpb,6.488710972299999,8.042600389083335,10_10,0,GenGen
import,34,gpb,5.7432195225,8.205387677666666,10_10,0,GenGen
import,35,gpb,7.444056258366667,9.5958381498,10_10,0,GenGen
import,36,gpb,7.8085986083,9.015178517516667,10_10,0,GenGen
import,37,gpb,7.152625455566667,9.285540725199999,10_10,0,GenGen
import,38,gpb,6.994964858633334,10.273089329316667,10_10,0,GenGen
import,39,gpb,8.1196064024,10.098969535783333,10_10,0,GenGen
import,40,gpb,8.172365129516669,10.608076152950002,10_10,0,GenGen
import,41,gpb,8.195887395283334,10.806980481633333,10_10,0,GenGen
import,42,gpb,8.224892070066666,11.5416472716,10_10,0,GenGen
import,43,gpb,9.063323911033335,11.543447991483333,10_10,0,GenGen
import,44,gpb,8.70980764635,11.830595702499998,10_10,0,GenGen
import,45,gpb,8.997317761500002,12.153728416250003,10_10,0,GenGen
import,46,gpb,8.873070470766667,12.579598669883332,10_10,0,GenGen
import,47,gpb,10.003503287233334,13.304755874150002,10_10,0,GenGen
import,48,gpb,9.5291365195,13.314569853050001,10_10,0,GenGen
home,25,gpb,3.77445492735,2.8280457870499998,50_50,0,GenGen
home,26,gpb,3.816105727325,3.26789311575,50_50,0,GenGen
home,27,gpb,2.9612311284875004,1.523890895,50_50,0,GenGen
home,28,gpb,3.170532657066666,2.2967547457666666,50_50,0,GenGen
home,29,gpb,2.928227316433333,2.4677528430833333,50_50,0,GenGen
home,30,gpb,3.438308426766667,2.081147328383333,50_50,0,GenGen
home,31,gpb,5.621543249916666,4.5830761566,50_50,0,GenGen
home,32,gpb,5.1890121593166665,3.914480866466667,50_50,0,GenGen
home,33,gpb,6.0768753941,4.6233994098,50_50,0,GenGen
home,34,gpb,6.602226783666667,6.285194665150001,50_50,0,GenGen
home,35,gpb,6.184015213083334,5.489680725783334,50_50,0,GenGen
home,36,gpb,6.891567114249999,6.225458005416667,50_50,0,GenGen
home,37,gpb,6.892134699533333,6.987359538966665,50_50,0,GenGen
home,38,gpb,7.478511001116666,7.0854185544999995,50_50,0,GenGen
home,39,gpb,8.270509743766667,7.764746873850001,50_50,0,GenGen
home,40,gpb,7.826100127166666,8.6250080884,50_50,0,GenGen
home,41,gpb,8.520243493633334,8.053363700299998,50_50,0,GenGen
home,42,gpb,9.160478368266666,9.542322116866666,50_50,0,GenGen
home,43,gpb,9.126885912966666,9.496105506600001,50_50,0,GenGen
home,44,gpb,9.823775843583334,10.457378078900001,50_50,0,GenGen
home,45,gpb,9.54289494585,9.511655315,50_50,0,GenGen
home,46,gpb,9.550644701016667,9.931251223033334,50_50,0,GenGen
home,47,gpb,8.988613413733333,9.678021832666667,50_50,0,GenGen
home,48,gpb,10.796466070483334,12.3103611982,50_50,0,GenGen
import,25,gpb,4.0705175778500005,5.0680021308333325,50_50,0,GenGen
import,26,gpb,4.275892557516666,5.480401106966667,50_50,0,GenGen
import,27,gpb,3.7938343126666667,5.123872568633334,50_50,0,GenGen
import,28,gpb,4.1082465407,5.160048870933333,50_50,0,GenGen
import,29,gpb,4.485939011766667,4.916785050883334,50_50,0,GenGen
import,30,gpb,3.6623341920166665,5.129829205099999,50_50,0,GenGen
import,31,gpb,5.929243330966667,8.160555682433333,50_50,0,GenGen
import,32,gpb,5.992511182416666,8.151127074883334,50_50,0,GenGen
import,33,gpb,5.503241282283334,7.316455363766665,50_50,0,GenGen
import,34,gpb,6.574677482866666,8.357176569066667,50_50,0,GenGen
import,35,gpb,6.336471109766666,8.944156233100001,50_50,0,GenGen
import,36,gpb,7.42492334765,9.506085295383334,50_50,0,GenGen
import,37,gpb,8.297386229599999,10.066326209849999,50_50,0,GenGen
import,38,gpb,7.725481296916666,10.816658877183334,50_50,0,GenGen
import,39,gpb,7.7569916263500005,10.844188326383334,50_50,0,GenGen
import,40,gpb,7.882538926166667,10.491194619733333,50_50,0,GenGen
import,41,gpb,8.643791152850001,11.948726869266665,50_50,0,GenGen
import,42,gpb,8.5438042696,11.615069897083332,50_50,0,GenGen
import,43,gpb,9.293119434716667,11.785142480283334,50_50,0,GenGen
import,44,gpb,8.741521454633332,12.366478645583333,50_50,0,GenGen
import,45,gpb,9.140136661483332,12.72692268025,50_50,0,GenGen
import,46,gpb,9.26795588095,13.236877300033335,50_50,0,GenGen
import,47,gpb,8.51162720125,13.184308093283335,50_50,0,GenGen
import,48,gpb,9.944242538016667,13.758421496333334,50_50,0,GenGen
home,25,gpb,3.77445492735,2.8280457870499998,100_100,0,GenGen
home,26,gpb,3.816105727325,3.26789311575,100_100,0,GenGen
home,27,gpb,2.9612311284875004,1.523890895,100_100,0,GenGen
home,28,gpb,3.170532657066666,2.2967547457666666,100_100,0,GenGen
import,25,gpb,3.7318237369999996,5.8015298097166665,100_100,0,GenGen
import,26,gpb,3.946492120516666,5.190058056483333,100_100,0,GenGen
import,27,gpb,3.977329585033333,5.32249654755,100_100,0,GenGen
import,28,gpb,4.324201876349999,5.884176001366666,100_100,0,GenGen
import,29,gpb,4.124674294816667,5.761316681100001,100_100,0,GenGen
import,30,gpb,4.2884617725,5.902899748783333,100_100,0,GenGen
import,31,gpb,5.214045636183334,7.34507446285,100_100,0,GenGen
import,32,gpb,4.590623833066666,7.0400226362,100_100,0,GenGen
import,33,gpb,6.512433239683333,8.800006886516666,100_100,0,GenGen
import,34,gpb,6.55310354525,7.772497492733333,100_100,0,GenGen
import,35,gpb,6.279571400400001,9.074239049866666,100_100,0,GenGen
import,36,gpb,6.740129347700001,9.57835302195,100_100,0,GenGen
import,37,gpb,7.0819248611,9.6549310946,100_100,0,GenGen
import,38,gpb,7.4433868574,10.085246485799999,100_100,0,GenGen
import,39,gpb,7.720907055499999,10.705675883616665,100_100,0,GenGen
import,40,gpb,7.993233809466666,10.523190678283333,100_100,0,GenGen
import,41,gpb,7.854653416600001,10.689029344016667,100_100,0,GenGen
import,42,gpb,8.8095108893,11.821071212066668,100_100,0,GenGen
import,43,gpb,9.1417747595,11.899860255016668,100_100,0,GenGen
import,44,gpb,9.929177983466667,12.847892600466666,100_100,0,GenGen
import,45,gpb,9.474658534883334,12.146755824983336,100_100,0,GenGen
import,46,gpb,9.528645239916667,13.174964637783333,100_100,0,GenGen
import,47,gpb,10.65939391065,13.837838238466665,100_100,0,GenGen
import,48,gpb,10.01670372875,13.60995349716667,100_100,0,GenGen
home,25,gpb,3.77445492735,2.8280457870499998,0_100,0,GenGen
home,26,gpb,3.816105727325,3.26789311575,0_100,0,GenGen
home,27,gpb,2.9612311284875004,1.523890895,0_100,0,GenGen
home,28,gpb,3.170532657066666,2.2967547457666666,0_100,0,GenGen
home,29,gpb,2.928227316433333,2.4677528430833333,0_100,0,GenGen
home,30,gpb,3.438308426766667,2.081147328383333,0_100,0,GenGen
home,31,gpb,5.633144464016667,5.405489602933333,0_100,0,GenGen
home,32,gpb,5.484850440533332,5.147839412550001,0_100,0,GenGen
home,33,gpb,5.716568004966667,5.701376507983333,0_100,0,GenGen
home,34,gpb,5.8851886722166675,5.09849296855,0_100,0,GenGen
home,35,gpb,7.3214045708499995,6.124361717316667,0_100,0,GenGen
home,36,gpb,7.9202354643,8.079295610216667,0_100,0,GenGen
home,37,gpb,7.18765717165,6.90179111235,0_100,0,GenGen
home,38,gpb,7.626523640599999,7.563734329483334,0_100,0,GenGen
home,39,gpb,6.644738969616667,7.587153102533333,0_100,0,GenGen
home,40,gpb,8.542011987716668,7.932000854866666,0_100,0,GenGen
home,41,gpb,8.839811625449999,8.18285180955,0_100,0,GenGen
home,42,gpb,9.165240157783332,8.885042123466667,0_100,0,GenGen
home,43,gpb,9.211003731366667,9.7521812833,0_100,0,GenGen
home,44,gpb,9.194999641933334,9.830209197783333,0_100,0,GenGen
home,45,gpb,10.180847391750001,10.853985717033334,0_100,0,GenGen
home,46,gpb,10.443002913900001,10.414401726,0_100,0,GenGen
home,47,gpb,10.792642271200002,11.5517544972,0_100,0,GenGen
home,48,gpb,10.92123070255,11.50930102515,0_100,0,GenGen
import,25,gpb,4.210630710066667,5.292009499449999,0_100,0,GenGen
import,26,gpb,4.04027461605,5.65526980205,0_100,0,GenGen
import,27,gpb,4.041655619166666,5.24754043335,0_100,0,GenGen
import,28,gpb,3.4443466665833324,5.82899106795,0_100,0,GenGen
import,29,gpb,4.54014346075,5.606273946883334,0_100,0,GenGen
import,30,gpb,3.74520208515,5.246137492250001,0_100,0,GenGen
import,31,gpb,5.428950863083333,7.634588635349999,0_100,0,GenGen
import,32,gpb,6.693833715183334,8.172121656016666,0_100,0,GenGen
import,33,gpb,7.582143234166666,8.85940021225,0_100,0,GenGen
import,34,gpb,6.797911142216667,8.317042632533335,0_100,0,GenGen
import,35,gpb,6.011960484599999,8.582610818366666,0_100,0,GenGen
import,36,gpb,6.794360988016666,8.794814596699998,0_100,0,GenGen
import,37,gpb,7.504042547983334,10.279986283983334,0_100,0,GenGen
import,38,gpb,6.965164712016666,9.568561103816664,0_100,0,GenGen
import,39,gpb,7.3442397873,10.080001095866667,0_100,0,GenGen
import,40,gpb,8.771096448033335,10.89271599175,0_100,0,GenGen
import,41,gpb,8.304330949266665,11.488088615583331,0_100,0,GenGen
import,42,gpb,8.259660663066667,11.159876946733334,0_100,0,GenGen
import,43,gpb,8.754551160733334,11.283263138183335,0_100,0,GenGen
import,44,gpb,10.136518152083335,12.599290447566668,0_100,0,GenGen
import,45,gpb,9.627078858416667,12.771713666283333,0_100,0,GenGen
import,46,gpb,9.585794180333332,12.298512451966667,0_100,0,GenGen
import,47,gpb,9.450988799716667,12.880243987983334,0_100,0,GenGen
import,48,gpb,10.0684837579,13.495385116966666,0_100,0,GenGen
home,35,gpb,6.449414008333332,4.853613739866667,10_10,1,ClassGen
home,36,gpb,6.051662652912501,5.012885942425,10_10,1,ClassGen
home,37,gpb,5.8213112905571425,4.826232257642857,10_10,1,ClassGen
home,38,gpb,5.260152024250001,4.055912733133334,10_10,1,ClassGen
home,39,gpb,5.257444603883333,4.4653578473,10_10,1,ClassGen
home,40,gpb,6.7895489962,4.88713145245,10_10,1,ClassGen
home,41,gpb,7.740823836816666,6.077508640666667,10_10,1,ClassGen
home,42,gpb,7.40365727405,5.428235007800001,10_10,1,ClassGen
home,43,gpb,8.942640428783333,6.424354326666666,10_10,1,ClassGen
home,44,gpb,9.16403248885,7.302804077516668,10_10,1,ClassGen
home,45,gpb,10.000334855333334,7.749552144900001,10_10,1,ClassGen
home,46,gpb,9.404125571983334,6.7273913720500005,10_10,1,ClassGen
home,47,gpb,8.639373986733334,6.067081091483334,10_10,1,ClassGen
home,48,gpb,10.258343382650002,7.939023780633334,10_10,1,ClassGen
import,25,gpb,5.096232947300001,5.82514564238,10_10,1,ClassGen
import,26,gpb,3.62248280572,4.94544476764,10_10,1,ClassGen
import,27,gpb,5.59784814114,6.12261673168,10_10,1,ClassGen
import,28,gpb,5.37128703472,6.16979452934,10_10,1,ClassGen
import,29,gpb,6.4445167336599996,6.81731903962,10_10,1,ClassGen
import,30,gpb,6.327238016040001,7.0514079849,10_10,1,ClassGen
import,31,gpb,5.483507962119999,5.344166056880001,10_10,1,ClassGen
import,32,gpb,5.74747897186,6.1655476586399995,10_10,1,ClassGen
import,33,gpb,4.188908733300001,5.08240640952,10_10,1,ClassGen
import,34,gpb,3.44208998428,4.62485365644,10_10,1,ClassGen
import,35,gpb,5.11449493687,5.47263469559,10_10,1,ClassGen
import,36,gpb,4.8339150911625,4.862057621512499,10_10,1,ClassGen
import,37,gpb,5.60063812656,5.74694304258,10_10,1,ClassGen
import,38,gpb,4.24116184246,4.570696441600001,10_10,1,ClassGen
import,39,gpb,5.272420284916667,6.05573453325,10_10,1,ClassGen
import,40,gpb,4.976968085183334,5.2011903952,10_10,1,ClassGen
import,41,gpb,5.088900716283333,6.162791606783333,10_10,1,ClassGen
import,42,gpb,4.640070282533334,4.56351747635,10_10,1,ClassGen
import,43,gpb,4.825236798050001,4.576268801016667,10_10,1,ClassGen
import,44,gpb,4.164387240500001,5.182045734033333,10_10,1,ClassGen
import,45,gpb,4.348570515683332,5.132430048966666,10_10,1,ClassGen
import,46,gpb,5.037858540916667,5.193523673566666,10_10,1,ClassGen
import,47,gpb,4.9506230088,5.736737907366667,10_10,1,ClassGen
import,48,gpb,4.57559519215,4.549809968483334,10_10,1,ClassGen
home,35,gpb,5.81149027582,5.3214837592,50_50,1,ClassGen
home,36,gpb,6.0753773584125,4.9587593332,50_50,1,ClassGen
home,37,gpb,5.98580242742,5.76231317374,50_50,1,ClassGen
home,38,gpb,6.9758931408,5.8560507403,50_50,1,ClassGen
home,39,gpb,6.1390741955833334,5.3724089924,50_50,1,ClassGen
home,40,gpb,6.680148552833333,5.4798557938,50_50,1,ClassGen
home,41,gpb,8.311925339866667,7.521262597700001,50_50,1,ClassGen
home,42,gpb,7.523395491383334,6.584690697133333,50_50,1,ClassGen
home,43,gpb,8.549068231583332,7.3226936662,50_50,1,ClassGen
home,44,gpb,7.939107696033335,6.652261955149999,50_50,1,ClassGen
home,45,gpb,8.282710704083334,7.717373443016666,50_50,1,ClassGen
home,46,gpb,8.919252609633332,8.040691754783333,50_50,1,ClassGen
home,47,gpb,9.439955417633334,8.009879610233334,50_50,1,ClassGen
home,48,gpb,9.555897198766667,7.8040580398,50_50,1,ClassGen
import,25,gpb,5.51244217606,6.15392050322,50_50,1,ClassGen
import,26,gpb,4.775438072760001,5.368362947740001,50_50,1,ClassGen
import,27,gpb,4.6392739482800005,5.49858628444,50_50,1,ClassGen
import,28,gpb,5.84988737312,6.13109226724,50_50,1,ClassGen
import,29,gpb,5.68383769486,6.11993524204,50_50,1,ClassGen
import,30,gpb,5.31189357394,5.747772844940001,50_50,1,ClassGen
import,31,gpb,5.40138865804,5.700192974920001,50_50,1,ClassGen
import,32,gpb,4.114030582500001,4.42808522948,50_50,1,ClassGen
import,33,gpb,5.44730733474,6.13664089486,50_50,1,ClassGen
import,34,gpb,5.3683831289,5.40543273708,50_50,1,ClassGen
import,35,gpb,4.1022904232375,4.3916894248250005,50_50,1,ClassGen
import,36,gpb,3.6036570012000007,4.2810526440166665,50_50,1,ClassGen
import,37,gpb,4.896049761277777,5.52488694141111,50_50,1,ClassGen
import,38,gpb,5.134419949490909,5.068067154290909,50_50,1,ClassGen
import,39,gpb,4.1632763757,4.890390456466666,50_50,1,ClassGen
import,40,gpb,4.6907717035,5.621207119699999,50_50,1,ClassGen
import,41,gpb,4.093414639483334,5.5319887102,50_50,1,ClassGen
import,42,gpb,4.199581656483334,3.961609252683333,50_50,1,ClassGen
import,43,gpb,5.40988980275,5.98641031415,50_50,1,ClassGen
import,44,gpb,3.773351595583333,4.5851282128,50_50,1,ClassGen
import,45,gpb,4.4799408349,4.459359263133333,50_50,1,ClassGen
import,46,gpb,4.358428690633334,5.100484598266666,50_50,1,ClassGen
import,47,gpb,4.466617135883333,4.876420593450001,50_50,1,ClassGen
import,48,gpb,3.95308250335,4.4727811029,50_50,1,ClassGen
home,35,gpb,6.966442440599999,6.359949822033333,100_100,1,ClassGen
home,36,gpb,6.059396307875,5.1627470070625,100_100,1,ClassGen
home,37,gpb,5.814764430428572,5.153197007257143,100_100,1,ClassGen
home,38,gpb,6.859041940233333,5.7808862631833335,100_100,1,ClassGen
import,25,gpb,4.642288046060001,4.53280112004,100_100,1,ClassGen
import,26,gpb,4.43115148644,5.0137799448600004,100_100,1,ClassGen
import,27,gpb,4.95684316998,5.656473349300001,100_100,1,ClassGen
import,28,gpb,5.11033986556,6.01647635274,100_100,1,ClassGen
import,29,gpb,6.1595189138599995,6.4821406155000005,100_100,1,ClassGen
import,30,gpb,5.4604459112,5.3025507532,100_100,1,ClassGen
import,31,gpb,4.7592372257,5.148287781900001,100_100,1,ClassGen
import,32,gpb,5.77210765642,5.192677239979999,100_100,1,ClassGen
import,33,gpb,6.165906287059999,6.46540431526,100_100,1,ClassGen
import,34,gpb,5.13977235616,5.0515552145000004,100_100,1,ClassGen
import,35,gpb,4.409963701,4.668154172377778,100_100,1,ClassGen
import,36,gpb,4.319721151766667,4.816804023344445,100_100,1,ClassGen
import,37,gpb,5.375653526400001,5.071356936955555,100_100,1,ClassGen
import,38,gpb,4.823401735069999,5.1882260779500005,100_100,1,ClassGen
import,39,gpb,4.143796155516667,4.355251549466667,100_100,1,ClassGen
import,40,gpb,4.909790872583334,4.382770606283334,100_100,1,ClassGen
import,41,gpb,4.571176572666666,4.821537688333334,100_100,1,ClassGen
import,42,gpb,5.324804512266667,5.1306639845,100_100,1,ClassGen
import,43,gpb,4.351086970483333,4.378123852233334,100_100,1,ClassGen
import,44,gpb,5.093481542166667,5.164707486833334,100_100,1,ClassGen
import,45,gpb,4.5848934978,5.444222156866668,100_100,1,ClassGen
import,46,gpb,4.560277111783334,4.994129730549999,100_100,1,ClassGen
import,47,gpb,4.906756517633333,4.4418326703333335,100_100,1,ClassGen
import,48,gpb,5.778863561066667,5.507276019233334,100_100,1,ClassGen
home,35,gpb,6.865268179299998,6.186828127757144,0_100,1,ClassGen
home,36,gpb,6.3155203336,5.190801508380001,0_100,1,ClassGen
home,37,gpb,5.324183180883333,5.951445335183334,0_100,1,ClassGen
home,38,gpb,5.73232625385,5.359957230916667,0_100,1,ClassGen
home,39,gpb,5.967211889466668,5.465489264216667,0_100,1,ClassGen
home,40,gpb,6.18643575595,5.221534169183334,0_100,1,ClassGen
home,41,gpb,7.915982429966667,6.220048892966666,0_100,1,ClassGen
home,42,gpb,7.575350001049999,7.328402042849999,0_100,1,ClassGen
home,43,gpb,8.995961597483333,7.823992594633332,0_100,1,ClassGen
home,44,gpb,8.298831732333333,6.875677216433334,0_100,1,ClassGen
home,45,gpb,8.18397161165,7.583528574616667,0_100,1,ClassGen
home,46,gpb,7.263543661616667,6.657751509766666,0_100,1,ClassGen
home,47,gpb,9.275228277983333,8.880752114683334,0_100,1,ClassGen
home,48,gpb,7.929328552416666,7.4834237110999995,0_100,1,ClassGen
import,25,gpb,4.94606045208,5.464281236300001,0_100,1,ClassGen
import,26,gpb,4.914264893500001,4.971729162060001,0_100,1,ClassGen
import,27,gpb,5.716689842260001,5.66666375344,0_100,1,ClassGen
import,28,gpb,4.98261803086,5.73619606672,0_100,1,ClassGen
import,29,gpb,6.93486187484,6.799687388640001,0_100,1,ClassGen
import,30,gpb,4.854801155380001,5.03528315314,0_100,1,ClassGen
import,31,gpb,4.571399275599999,4.45020987596,0_100,1,ClassGen
import,32,gpb,5.81282370996,5.98901868556,0_100,1,ClassGen
import,33,gpb,4.579289244860001,5.13620708756,0_100,1,ClassGen
import,34,gpb,4.544534022200001,4.9648790202,0_100,1,ClassGen
import,35,gpb,4.869671916811111,5.037655694811111,0_100,1,ClassGen
import,36,gpb,5.642686085379999,6.24799133885,0_100,1,ClassGen
import,37,gpb,5.84717169305,6.0976905571,0_100,1,ClassGen
import,38,gpb,4.983840460925,5.070199873187499,0_100,1,ClassGen
import,39,gpb,5.026773379966666,5.600778395949999,0_100,1,ClassGen
import,40,gpb,5.183895718266666,5.3189261691,0_100,1,ClassGen
import,41,gpb,5.19611585345,5.214017148583333,0_100,1,ClassGen
import,42,gpb,4.594562603116666,4.687666538966666,0_100,1,ClassGen
import,43,gpb,5.465300711833333,5.195583531266667,0_100,1,ClassGen
import,44,gpb,5.749259845899999,5.473122842816667,0_100,1,ClassGen
import,45,gpb,4.598270242083333,5.047129379833334,0_100,1,ClassGen
import,46,gpb,4.981018995283333,5.062833380583334,0_100,1,ClassGen
import,47,gpb,5.244571709466666,4.603744813933333,0_100,1,ClassGen
import,48,gpb,6.030460449216666,6.2563224433833335,0_100,1,ClassGen
home,25,gpb,5.2837951973,4.351626731725,10_10,1,GenGen
home,26,gpb,4.419047227416667,3.535776343983334,10_10,1,GenGen
home,27,gpb,4.6131090283,3.9069800900250002,10_10,1,GenGen
home,28,gpb,3.444626404716667,2.854363122516667,10_10,1,GenGen
home,29,gpb,4.119196558633334,2.7757286519833326,10_10,1,GenGen
home,30,gpb,4.5386043663499995,3.6494692799499995,10_10,1,GenGen
home,31,gpb,5.840190529333333,4.826329947416666,10_10,1,GenGen
home,32,gpb,5.977699599166666,4.8343479907499995,10_10,1,GenGen
home,33,gpb,6.506959392149999,6.0108451559,10_10,1,GenGen
home,34,gpb,6.1681917647999995,4.600885327716667,10_10,1,GenGen
home,35,gpb,7.5827545962333325,6.6750414171,10_10,1,GenGen
home,36,gpb,7.419519756133333,5.330143264700001,10_10,1,GenGen
home,37,gpb,8.372858419216668,6.999057610266668,10_10,1,GenGen
home,38,gpb,8.93607001175,7.789989817466666,10_10,1,GenGen
home,39,gpb,8.921761742766664,7.10217682635,10_10,1,GenGen
home,40,gpb,8.82874107055,6.776089586066667,10_10,1,GenGen
home,41,gpb,9.363441460466667,7.4254619959833335,10_10,1,GenGen
home,42,gpb,9.127037237233333,7.455258328550001,10_10,1,GenGen
home,43,gpb,10.933465051816667,9.481155263083334,10_10,1,GenGen
home,44,gpb,10.890992326549998,9.301911387666667,10_10,1,GenGen
home,45,gpb,10.593340509333332,8.765605926933333,10_10,1,GenGen
home,46,gpb,11.978383305916667,9.721701531333332,10_10,1,GenGen
home,47,gpb,11.707605563666666,9.413606640666666,10_10,1,GenGen
home,48,gpb,11.921816412983333,9.816136355983334,10_10,1,GenGen
import,25,gpb,5.116012647400001,6.4598197118166665,10_10,1,GenGen
import,26,gpb,4.475381112500001,5.1741842759,10_10,1,GenGen
import,27,gpb,5.325819510383334,6.015761129533334,10_10,1,GenGen
import,28,gpb,5.608529810566668,6.0215784031999995,10_10,1,GenGen
import,29,gpb,6.015334233850001,6.427364696933334,10_10,1,GenGen
import,30,gpb,5.984225971816667,5.983745404933334,10_10,1,GenGen
import,31,gpb,7.086395441833333,7.824718444549998,10_10,1,GenGen
import,32,gpb,8.012310106916667,8.073501861966667,10_10,1,GenGen
import,33,gpb,7.4450042858000005,8.314628791583333,10_10,1,GenGen
import,34,gpb,8.027305990416666,8.38464059665,10_10,1,GenGen
import,35,gpb,8.400753216583333,9.221493998383332,10_10,1,GenGen
import,36,gpb,7.457351876249999,8.771364439616667,10_10,1,GenGen
import,37,gpb,8.527852776666666,9.630997914016667,10_10,1,GenGen
import,38,gpb,8.970796773433333,10.179878283183335,10_10,1,GenGen
import,39,gpb,8.990284641916668,10.184350946583331,10_10,1,GenGen
import,40,gpb,9.09281793305,10.455857267266667,10_10,1,GenGen
import,41,gpb,9.97849073285,10.85476763135,10_10,1,GenGen
import,42,gpb,10.6659832584,11.797407579566666,10_10,1,GenGen
import,43,gpb,10.916753413633332,12.330328141066666,10_10,1,GenGen
import,44,gpb,10.072079775133334,11.84748890775,10_10,1,GenGen
import,45,gpb,10.392658407683333,12.108081334566668,10_10,1,GenGen
import,46,gpb,11.025378917483335,12.712738233383332,10_10,1,GenGen
import,47,gpb,11.807740364233332,13.376809928383333,10_10,1,GenGen
import,48,gpb,12.596950471233335,14.092303689466666,10_10,1,GenGen
home,25,gpb,5.2837951973,4.351626731725,50_50,1,GenGen
home,26,gpb,4.419047227416667,3.535776343983334,50_50,1,GenGen
home,27,gpb,4.6131090283,3.9069800900250002,50_50,1,GenGen
home,28,gpb,3.444626404716667,2.854363122516667,50_50,1,GenGen
home,29,gpb,4.119196558633334,2.7757286519833326,50_50,1,GenGen
home,30,gpb,4.5386043663499995,3.6494692799499995,50_50,1,GenGen
home,31,gpb,6.8952863035,5.913096696266667,50_50,1,GenGen
home,32,gpb,6.050826897066667,4.5982520602333325,50_50,1,GenGen
home,33,gpb,6.724522750016667,5.66756615405,50_50,1,GenGen
home,34,gpb,7.978411837216666,7.5613314458000005,50_50,1,GenGen
home,35,gpb,8.301233673433336,7.6455813123,50_50,1,GenGen
home,36,gpb,8.973128464683333,8.619597690633334,50_50,1,GenGen
home,37,gpb,9.2568131448,8.194231681933333,50_50,1,GenGen
home,38,gpb,8.181326665083335,6.9757082491833335,50_50,1,GenGen
home,39,gpb,9.780691248516666,8.832468538716666,50_50,1,GenGen
home,40,gpb,10.184727368283333,9.365866946016666,50_50,1,GenGen
home,41,gpb,9.102790329116667,8.794413051333333,50_50,1,GenGen
home,42,gpb,11.376883033316668,11.000750363883334,50_50,1,GenGen
home,43,gpb,10.908672513966666,10.727288641,50_50,1,GenGen
home,44,gpb,11.970674903516667,10.580860522683334,50_50,1,GenGen
home,45,gpb,11.103926450049999,10.413506721683335,50_50,1,GenGen
home,46,gpb,11.90723938165,11.484060644000001,50_50,1,GenGen
home,47,gpb,12.397454599366668,11.285463081883334,50_50,1,GenGen
home,48,gpb,12.520907218349999,12.421808219816668,50_50,1,GenGen
import,25,gpb,5.020041063433333,4.853899390116666,50_50,1,GenGen
import,26,gpb,5.054063114500001,5.273101350666667,50_50,1,GenGen
import,27,gpb,4.680334335416666,5.4585708770000005,50_50,1,GenGen
import,28,gpb,5.721866257316667,6.858527316466667,50_50,1,GenGen
import,29,gpb,6.073156922916667,6.5063601462500005,50_50,1,GenGen
import,30,gpb,5.334323859666667,5.6722572918,50_50,1,GenGen
import,31,gpb,7.404318461433333,8.10002176815,50_50,1,GenGen
import,32,gpb,7.0536580759000005,8.414229413533333,50_50,1,GenGen
import,33,gpb,6.760837608666666,8.475874395866667,50_50,1,GenGen
import,34,gpb,8.092975266683332,9.094390350583334,50_50,1,GenGen
import,35,gpb,9.667674347916666,9.537749947150003,50_50,1,GenGen
import,36,gpb,8.073066212116666,9.62895393295,50_50,1,GenGen
import,37,gpb,8.774790368633333,9.621799478966667,50_50,1,GenGen
import,38,gpb,9.220469240966667,10.608292940816668,50_50,1,GenGen
import,39,gpb,9.194261274466667,10.474810052216666,50_50,1,GenGen
import,40,gpb,9.980146614633332,11.01630280775,50_50,1,GenGen
import,41,gpb,9.235539081616666,11.388469242349998,50_50,1,GenGen
import,42,gpb,10.7329566457,11.593725579549998,50_50,1,GenGen
import,43,gpb,11.047476708466666,12.596955990733335,50_50,1,GenGen
import,44,gpb,11.076534134533333,12.2825234564,50_50,1,GenGen
import,45,gpb,11.6669168549,12.716205693033332,50_50,1,GenGen
import,46,gpb,11.683975478583335,13.244650205783332,50_50,1,GenGen
import,47,gpb,11.4049711321,13.155346534633333,50_50,1,GenGen
import,48,gpb,13.235382245883335,14.9861512896,50_50,1,GenGen
home,25,gpb,5.2837951973,4.351626731725,100_100,1,GenGen
home,26,gpb,4.419047227416667,3.535776343983334,100_100,1,GenGen
home,27,gpb,4.6131090283,3.9069800900250002,100_100,1,GenGen
home,28,gpb,3.444626404716667,2.854363122516667,100_100,1,GenGen
import,25,gpb,5.1840086523333335,5.214050533466667,100_100,1,GenGen
import,26,gpb,4.647294310616667,5.6438061289500006,100_100,1,GenGen
import,27,gpb,5.344284936766667,6.1557747666500005,100_100,1,GenGen
import,28,gpb,5.1819772023,5.898030211066666,100_100,1,GenGen
import,29,gpb,6.559009901266666,6.582681250166668,100_100,1,GenGen
import,30,gpb,6.470380662799999,6.490529890999999,100_100,1,GenGen
import,31,gpb,6.646406777633334,7.85376161675,100_100,1,GenGen
import,32,gpb,7.631193901916666,8.332142239633333,100_100,1,GenGen
import,33,gpb,6.951105250533334,8.105842264866666,100_100,1,GenGen
import,34,gpb,8.567606336799999,8.893970587499998,100_100,1,GenGen
import,35,gpb,8.583427035516666,9.40817271895,100_100,1,GenGen
import,36,gpb,9.31851049145,9.815708850516666,100_100,1,GenGen
import,37,gpb,8.982521436816667,9.79621468615,100_100,1,GenGen
import,38,gpb,9.333781522366666,10.215491186933333,100_100,1,GenGen
import,39,gpb,10.480085834966667,11.307485587816666,100_100,1,GenGen
import,40,gpb,10.51923315255,11.55728600285,100_100,1,GenGen
import,41,gpb,10.205701184833332,11.54060125575,100_100,1,GenGen
import,42,gpb,10.303610607316665,11.115267160316668,100_100,1,GenGen
import,43,gpb,10.67087331165,11.916037232749998,100_100,1,GenGen
import,44,gpb,10.336067923033333,11.977372174383333,100_100,1,GenGen
import,45,gpb,11.980649221399998,13.138878777383335,100_100,1,GenGen
import,46,gpb,12.576768357233334,13.192988330216666,100_100,1,GenGen
import,47,gpb,11.800973308966666,13.3922988037,100_100,1,GenGen
import,48,gpb,12.521806096650002,13.92532803885,100_100,1,GenGen
home,25,gpb,5.2837951973,4.351626731725,0_100,1,GenGen
home,26,gpb,4.419047227416667,3.535776343983334,0_100,1,GenGen
home,27,gpb,4.6131090283,3.9069800900250002,0_100,1,GenGen
home,28,gpb,3.444626404716667,2.854363122516667,0_100,1,GenGen
home,29,gpb,4.119196558633334,2.7757286519833326,0_100,1,GenGen
home,30,gpb,4.5386043663499995,3.6494692799499995,0_100,1,GenGen
home,31,gpb,7.072570372533334,5.96242906475,0_100,1,GenGen
home,32,gpb,6.776544518166666,5.457061641666666,0_100,1,GenGen
home,33,gpb,7.695731670983334,6.283228687283334,0_100,1,GenGen
home,34,gpb,7.648803888050001,7.222299991666667,0_100,1,GenGen
home,35,gpb,8.241462850033333,7.2542917305,0_100,1,GenGen
home,36,gpb,8.498261829399999,7.207992917600001,0_100,1,GenGen
home,37,gpb,8.672118841783332,7.794313550000001,0_100,1,GenGen
home,38,gpb,9.498377224516668,8.669516740116666,0_100,1,GenGen
home,39,gpb,9.399840138233333,7.842938511333333,0_100,1,GenGen
home,40,gpb,9.80213067185,8.6898229479,0_100,1,GenGen
home,41,gpb,9.643819284566666,8.180242776433332,0_100,1,GenGen
home,42,gpb,10.422947244783336,10.5410277984,0_100,1,GenGen
home,43,gpb,9.610035728333335,9.257929322533334,0_100,1,GenGen
home,44,gpb,10.2530533474,9.476290930333333,0_100,1,GenGen
home,45,gpb,11.395709799999999,10.6905095962,0_100,1,GenGen
home,46,gpb,10.848271867516667,10.240136382383332,0_100,1,GenGen
home,47,gpb,12.488384806116665,11.394717011483335,0_100,1,GenGen
home,48,gpb,12.399723462099999,12.324781657933334,0_100,1,GenGen
import,25,gpb,5.116915708683334,5.044543146516666,0_100,1,GenGen
import,26,gpb,4.811554449683334,5.395882356383335,0_100,1,GenGen
import,27,gpb,5.562188997116667,6.3051466925333335,0_100,1,GenGen
import,28,gpb,5.343285510666667,5.76429142415,0_100,1,GenGen
import,29,gpb,5.833291812266666,6.359479009383333,0_100,1,GenGen
import,30,gpb,6.520267547566667,6.411189586133332,0_100,1,GenGen
import,31,gpb,6.89121877685,7.637901074633334,0_100,1,GenGen
import,32,gpb,7.787863780766667,8.326651476066667,0_100,1,GenGen
import,33,gpb,7.151076203716667,8.4219892933,0_100,1,GenGen
import,34,gpb,8.077632102566666,8.8715810392,0_100,1,GenGen
import,35,gpb,8.499140285166666,9.381697045650002,0_100,1,GenGen
import,36,gpb,8.505784120433333,8.984275286366666,0_100,1,GenGen
import,37,gpb,8.682212907350001,9.487401592349999,0_100,1,GenGen
import,38,gpb,9.448110284583334,10.349258091933335,0_100,1,GenGen
import,39,gpb,9.252707068366666,10.639511697149999,0_100,1,GenGen
import,40,gpb,10.842846922433333,11.550907190933332,0_100,1,GenGen
import,41,gpb,9.520277859183333,11.282710721949998,0_100,1,GenGen
import,42,gpb,9.338742322466667,11.280845075866667,0_100,1,GenGen
import,43,gpb,10.427189167683332,12.624816817966666,0_100,1,GenGen
import,44,gpb,10.76650213375,12.461227853116668,0_100,1,GenGen
import,45,gpb,11.496493846633333,13.05868464133333,0_100,1,GenGen
import,46,gpb,11.455458067583335,12.706794406033334,0_100,1,GenGen
import,47,gpb,13.017088618766666,13.985257751133332,0_100,1,GenGen
import,48,gpb,12.52007485446,14.084702250819998,0_100,1,GenGen
